ticker,company_name,source_page,source_url,link_text,depth,score
SBER,ПАО Сбербанк,https://www.sberbank.com/index,https://www.sberbank.com/investor-relations/corporate-governance/annual-meeting-2026,RUB37.64 per shareThe amount of dividends recommended by the Supervisory Board following the results of 2025,1,8
MGNT,ПАО Магнит,https://www.magnit.com/ru/disclosure/regulatory-news/,https://storage.zds.zebra-group.ru/data/3/1/a300a6961b7ebded7b09bb88924c7014.pdf,"u0432\u043b\u0430\u0434\u0435\u043b\u044c\u0446\u0430\u043c \u0446\u0435\u043d\u043d\u044b\u0445 \u0431\u0443\u043c\u0430\u0433 \u044d\u043c\u0438\u0442\u0435\u043d\u0442\u0430"",""link"":""/ru/disclosure/regulatory-news/00c259e3d350355a414d239e72f8b69b/"",""pdf"":""https://storage.zds.zebra-group.ru/data/3/1/efcc9d709307e4e1dbb158e2fb8f4820.pdf""},{""date"":1768227610,""name"":""\u0412\u044b\u043f\u043b\u0430\u0447\u0435\u043d\u043d\u044b\u0435 \u0434\u043e\u0445\u043e\u0434\u044b \u0438\u043b\u0438 \u0438\u043d\u044b\u0435 \u0432\u044b\u043f\u043b\u0430\u0442\u044b, \u043f\u0440\u0438\u0447\u0438\u0442\u0430\u044e\u0449\u0438\u0435\u0441\u044f \u0432\u043b\u0430\u0434\u0435\u043b\u044c\u0446\u0430\u043c \u0446\u0435\u043d\u043d\u044b\u0445 \u0431\u0443\u043c\u0430\u0433 \u044d\u043c\u0438\u0442\u0435\u043d\u0442\u0430"",""link"":""/ru/disclosure/regulatory-news/fa48b372aae825610dbbdc243596a742/"",""pdf"":""https://storage.zds.zebra-group.ru/data/3/1/a300a6961b7ebded7b09bb88924c7014.pdf""}],""2025"":[{""date"":1767094200,""name"":""\u0412\u044b\u043f\u043b\u0430\u0447\u0435\u043d\u043d\u044b\u0435 \u0434\u043e\u0445\u043e\u0434\u044b \u0438\u043b\u0438 \u0438\u043d\u044b\u0435 \u0432\u044b\u043f\u043b\u0430\u0442\u044b, \u043f\u0440\u0438\u0447\u0438\u0442\u0430\u044e\u0449\u0438\u0435\u0",2,9
MGNT,ПАО Магнит,https://www.magnit.com/ru/disclosure/regulatory-news/,https://storage.zds.zebra-group.ru/data/3/1/cbbfc6c8eb74bca90f8247bed6124027.pdf,"3b\u0430\u0434\u0435\u043b\u044c\u0446\u0430\u043c \u0446\u0435\u043d\u043d\u044b\u0445 \u0431\u0443\u043c\u0430\u0433 \u044d\u043c\u0438\u0442\u0435\u043d\u0442\u0430"",""link"":""/ru/disclosure/regulatory-news/fa48b372aae825610dbbdc243596a742/"",""pdf"":""https://storage.zds.zebra-group.ru/data/3/1/a300a6961b7ebded7b09bb88924c7014.pdf""}],""2025"":[{""date"":1767094200,""name"":""\u0412\u044b\u043f\u043b\u0430\u0447\u0435\u043d\u043d\u044b\u0435 \u0434\u043e\u0445\u043e\u0434\u044b \u0438\u043b\u0438 \u0438\u043d\u044b\u0435 \u0432\u044b\u043f\u043b\u0430\u0442\u044b, \u043f\u0440\u0438\u0447\u0438\u0442\u0430\u044e\u0449\u0438\u0435\u0441\u044f \u0432\u043b\u0430\u0434\u0435\u043b\u044c\u0446\u0430\u043c \u0446\u0435\u043d\u043d\u044b\u0445 \u0431\u0443\u043c\u0430\u0433 \u044d\u043c\u0438\u0442\u0435\u043d\u0442\u0430"",""link"":""/ru/disclosure/regulatory-news/f5b19731d1f8ce42f8276e7b8dbf3e7a/"",""pdf"":""https://storage.zds.zebra-group.ru/data/3/1/cbbfc6c8eb74bca90f8247bed6124027.pdf""},{""date"":1766666410,""name"":""\u0412\u044b\u043f\u043b\u0430\u0447\u0435\u043d\u043d\u044b\u0435 \u0434\u043e\u0445\u043e\u0434\u044b \u0438\u043b\u0438 \u0438\u043d\u044b\u0435 \u0432\u044b\u043f\u043b\u0430\u0442\u044b, \u043f\u0440\u0438\u0447\u0438\u0442\u0430\u044e\u0449\u0438\u0435\u0441\u044f",2,9
MGNT,ПАО Магнит,https://www.magnit.com/ru/disclosure/regulatory-news/,https://storage.zds.zebra-group.ru/data/3/1/b9e902025b1694e0e7f2ccd5238eb984.pdf,"ure/regulatory-news/28ae5120d7a97d637b775170c154e94e/"",""pdf"":""https://storage.zds.zebra-group.ru/data/3/1/2079d9fa29db58bc93a0f4003067f100.pdf""},{""date"":1738751400,""name"":""\u0412\u043a\u043b\u044e\u0447\u0435\u043d\u0438\u0435 \u044d\u043c\u0438\u0441\u0441\u0438\u043e\u043d\u043d\u044b\u0445 \u0446\u0435\u043d\u043d\u044b\u0445 \u0431\u0443\u043c\u0430\u0433 \u044d\u043c\u0438\u0442\u0435\u043d\u0442\u0430 \u0432 \u0441\u043f\u0438\u0441\u043e\u043a \u0446\u0435\u043d\u043d\u044b\u0445 \u0431\u0443\u043c\u0430\u0433, \u0434\u043e\u043f\u0443\u0449\u0435\u043d\u043d\u044b\u0445 \u043a \u0442\u043e\u0440\u0433\u0430\u043c \u0440\u043e\u0441\u0441\u0438\u0439\u0441\u043a\u0438\u043c \u043e\u0440\u0433\u0430\u043d\u0438\u0437\u0430\u0442\u043e\u0440\u043e\u043c \u0442\u043e\u0440\u0433\u043e\u0432\u043b\u0438"",""link"":""/ru/disclosure/regulatory-news/2d3367789231a05f69144164a47b9fa4/"",""pdf"":""https://storage.zds.zebra-group.ru/data/3/1/b9e902025b1694e0e7f2ccd5238eb984.pdf""},{""date"":1737741600,""name"":""\u0417\u0430\u0432\u0435\u0440\u0448\u0435\u043d\u0438\u0435 \u0440\u0430\u0437\u043c\u0435\u0449\u0435\u043d\u0438\u044f \u0446\u0435\u043d\u043d\u044b\u0445 \u0431\u0443\u043c\u0430\u0433"",""link"":""/ru/disclosure/regulatory-news/4684d50da0f31b58ecef0c0f99d28b88/"",""pdf""",2,9
MGNT,ПАО Магнит,https://www.magnit.com/ru/disclosure/regulatory-news/,https://storage.zds.zebra-group.ru/data/3/1/eb5e1ad24ad2f65de8430c61533d1dd3.pdf,"0442\u0435\u043d\u0442\u0430 \u0432 \u0441\u043f\u0438\u0441\u043e\u043a \u0446\u0435\u043d\u043d\u044b\u0445 \u0431\u0443\u043c\u0430\u0433, \u0434\u043e\u043f\u0443\u0449\u0435\u043d\u043d\u044b\u0445 \u043a \u0442\u043e\u0440\u0433\u0430\u043c \u0440\u043e\u0441\u0441\u0438\u0439\u0441\u043a\u0438\u043c \u043e\u0440\u0433\u0430\u043d\u0438\u0437\u0430\u0442\u043e\u0440\u043e\u043c \u0442\u043e\u0440\u0433\u043e\u0432\u043b\u0438"",""link"":""/ru/disclosure/regulatory-news/2d3367789231a05f69144164a47b9fa4/"",""pdf"":""https://storage.zds.zebra-group.ru/data/3/1/b9e902025b1694e0e7f2ccd5238eb984.pdf""},{""date"":1737741600,""name"":""\u0417\u0430\u0432\u0435\u0440\u0448\u0435\u043d\u0438\u0435 \u0440\u0430\u0437\u043c\u0435\u0449\u0435\u043d\u0438\u044f \u0446\u0435\u043d\u043d\u044b\u0445 \u0431\u0443\u043c\u0430\u0433"",""link"":""/ru/disclosure/regulatory-news/4684d50da0f31b58ecef0c0f99d28b88/"",""pdf"":""https://storage.zds.zebra-group.ru/data/3/1/eb5e1ad24ad2f65de8430c61533d1dd3.pdf""},{""date"":1737715800,""name"":""\u041f\u0440\u0438\u0441\u0432\u043e\u0435\u043d\u0438\u0435 \u0438\u043b\u0438 \u0438\u0437\u043c\u0435\u043d\u0435\u043d\u0438\u0435 \u0440\u0435\u0439\u0442\u0438\u043d\u0433\u0430 \u044d\u043c\u0438\u0441\u0441\u0438\u043e\u043d\u043d\u044b\u0445 \u0446\u0435\u043d\",2,9
MGNT,ПАО Магнит,https://www.magnit.com/ru/disclosure/regulatory-news/,https://storage.zds.zebra-group.ru/data/3/1/933baa96ab7fc5ca3b4253ea6ed5e9ba.pdf,"u0432\u043b\u0430\u0434\u0435\u043b\u044c\u0446\u0430\u043c \u0446\u0435\u043d\u043d\u044b\u0445 \u0431\u0443\u043c\u0430\u0433 \u044d\u043c\u0438\u0442\u0435\u043d\u0442\u0430"",""link"":""/ru/disclosure/regulatory-news/4b7dedcf9876c6080427b2b6e846395f/"",""pdf"":""https://storage.zds.zebra-group.ru/data/3/1/92d58ab0dbea7ed7de8000ddc7372e9b.pdf""},{""date"":1736445600,""name"":""\u0412\u044b\u043f\u043b\u0430\u0447\u0435\u043d\u043d\u044b\u0435 \u0434\u043e\u0445\u043e\u0434\u044b \u0438\u043b\u0438 \u0438\u043d\u044b\u0435 \u0432\u044b\u043f\u043b\u0430\u0442\u044b, \u043f\u0440\u0438\u0447\u0438\u0442\u0430\u044e\u0449\u0438\u0435\u0441\u044f \u0432\u043b\u0430\u0434\u0435\u043b\u044c\u0446\u0430\u043c \u0446\u0435\u043d\u043d\u044b\u0445 \u0431\u0443\u043c\u0430\u0433 \u044d\u043c\u0438\u0442\u0435\u043d\u0442\u0430"",""link"":""/ru/disclosure/regulatory-news/5f463176d48e51406bc8c2907632c221/"",""pdf"":""https://storage.zds.zebra-group.ru/data/3/1/933baa96ab7fc5ca3b4253ea6ed5e9ba.pdf""}],""2024"":[{""date"":1735398000,""name"":""\u041e\u0431\u044a\u044f\u0432\u043b\u0435\u043d\u0438\u0435 \u043e\u0431\u0449\u0435\u0433\u043e \u0441\u043e\u0431\u0440\u0430\u043d\u0438\u044f \u0443\u0447\u0430\u0441\u0442\u043d\u0438\u043a\u043e\u0432 (\u0430\u043a\u0446\u0438\u043e\u043d\u0435\u0440\u04",2,9
MGNT,ПАО Магнит,https://www.magnit.com/ru/disclosure/regulatory-news/,https://storage.zds.zebra-group.ru/data/3/1/7910b2b7a22030d0bb76ad364f006168.pdf,"4b, \u043f\u0440\u0438\u0447\u0438\u0442\u0430\u044e\u0449\u0438\u0435\u0441\u044f \u0432\u043b\u0430\u0434\u0435\u043b\u044c\u0446\u0430\u043c \u0446\u0435\u043d\u043d\u044b\u0445 \u0431\u0443\u043c\u0430\u0433 \u044d\u043c\u0438\u0442\u0435\u043d\u0442\u0430"",""link"":""/ru/disclosure/regulatory-news/5f463176d48e51406bc8c2907632c221/"",""pdf"":""https://storage.zds.zebra-group.ru/data/3/1/933baa96ab7fc5ca3b4253ea6ed5e9ba.pdf""}],""2024"":[{""date"":1735398000,""name"":""\u041e\u0431\u044a\u044f\u0432\u043b\u0435\u043d\u0438\u0435 \u043e\u0431\u0449\u0435\u0433\u043e \u0441\u043e\u0431\u0440\u0430\u043d\u0438\u044f \u0443\u0447\u0430\u0441\u0442\u043d\u0438\u043a\u043e\u0432 (\u0430\u043a\u0446\u0438\u043e\u043d\u0435\u0440\u043e\u0432) \u043d\u0435\u0441\u043e\u0441\u0442\u043e\u044f\u0432\u0448\u0438\u043c\u0441\u044f"",""link"":""/ru/disclosure/regulatory-news/7b8831ec840a2f14a2c4bc89754557e2/"",""pdf"":""https://storage.zds.zebra-group.ru/data/3/1/7910b2b7a22030d0bb76ad364f006168.pdf""},{""date"":1734976800,""name"":""\u041f\u0440\u0438\u043e\u0431\u0440\u0435\u0442\u0435\u043d\u0438\u0435 \u043f\u043e\u0434\u043a\u043e\u043d\u0442\u0440\u043e\u043b\u044c\u043d\u043e\u0439 \u044d\u043c\u0438\u0442\u0435\u043d\u0442\u0443 \u043e\u0440\u0433\u0430\u043d\u0438\u0437\u0430\u0446\u0438\u0",2,9
MGNT,ПАО Магнит,https://www.magnit.com/ru/disclosure/regulatory-news/,https://storage.zds.zebra-group.ru/data/3/1/44a752c0ff234c6010f9de99d14cb62f.pdf,"u043d\u0442\u0430"",""link"":""/ru/disclosure/regulatory-news/d7c7467eeafb3bfc2e8c63475cde0b5e/"",""pdf"":""https://storage.zds.zebra-group.ru/data/3/1/8486e81b71dbcd62703f24e587da8ca6.pdf""},{""date"":1705586400,""name"":""\u0421\u043e\u0431\u044b\u0442\u0438\u044f (\u0434\u0435\u0439\u0441\u0442\u0432\u0438\u044f), \u043e\u043a\u0430\u0437\u044b\u0432\u0430\u044e\u0449\u0438\u0435, \u043f\u043e \u043c\u043d\u0435\u043d\u0438\u044e \u044d\u043c\u0438\u0442\u0435\u043d\u0442\u0430, \u0441\u0443\u0449\u0435\u0441\u0442\u0432\u0435\u043d\u043d\u043e\u0435 \u0432\u043b\u0438\u044f\u043d\u0438\u0435 \u043d\u0430 \u0441\u0442\u043e\u0438\u043c\u043e\u0441\u0442\u044c \u0438\u043b\u0438 \u043a\u043e\u0442\u0438\u0440\u043e\u0432\u043a\u0438 \u0435\u0433\u043e \u0446\u0435\u043d\u043d\u044b\u0445 \u0431\u0443\u043c\u0430\u0433"",""link"":""/ru/disclosure/regulatory-news/6948280421456cbee8030bd3168832ed/"",""pdf"":""https://storage.zds.zebra-group.ru/data/3/1/44a752c0ff234c6010f9de99d14cb62f.pdf""}],""2023"":[{""date"":1703872800,""name"":""\u0420\u0435\u0448\u0435\u043d\u0438\u044f \u0441\u043e\u0432\u0435\u0442\u0430 \u0434\u0438\u0440\u0435\u043a\u0442\u043e\u0440\u043e\u0432 (\u043d\u0430\u0431\u043b\u044e\u0434\u0430\u0442\u0435\u043b\u044c\u043d\u043e\u0433\u043e \u0441\u043e\u0432\u0435\u04",2,9
MGNT,ПАО Магнит,https://www.magnit.com/ru/disclosure/regulatory-news/,https://storage.zds.zebra-group.ru/data/3/1/eb9c8cde7d62dc93ffef94dc376f6837.pdf,"\u0441\u0443\u0449\u0435\u0441\u0442\u0432\u0435\u043d\u043d\u043e\u0435 \u0432\u043b\u0438\u044f\u043d\u0438\u0435 \u043d\u0430 \u0441\u0442\u043e\u0438\u043c\u043e\u0441\u0442\u044c \u0438\u043b\u0438 \u043a\u043e\u0442\u0438\u0440\u043e\u0432\u043a\u0438 \u0435\u0433\u043e \u0446\u0435\u043d\u043d\u044b\u0445 \u0431\u0443\u043c\u0430\u0433"",""link"":""/ru/disclosure/regulatory-news/6948280421456cbee8030bd3168832ed/"",""pdf"":""https://storage.zds.zebra-group.ru/data/3/1/44a752c0ff234c6010f9de99d14cb62f.pdf""}],""2023"":[{""date"":1703872800,""name"":""\u0420\u0435\u0448\u0435\u043d\u0438\u044f \u0441\u043e\u0432\u0435\u0442\u0430 \u0434\u0438\u0440\u0435\u043a\u0442\u043e\u0440\u043e\u0432 (\u043d\u0430\u0431\u043b\u044e\u0434\u0430\u0442\u0435\u043b\u044c\u043d\u043e\u0433\u043e \u0441\u043e\u0432\u0435\u0442\u0430)"",""link"":""/ru/disclosure/regulatory-news/ce26789029fb5b654a9c75f7687b170a/"",""pdf"":""https://storage.zds.zebra-group.ru/data/3/1/eb9c8cde7d62dc93ffef94dc376f6837.pdf""},{""date"":1703872800,""name"":""\u041f\u0440\u043e\u0432\u0435\u0434\u0435\u043d\u0438\u0435 \u0437\u0430\u0441\u0435\u0434\u0430\u043d\u0438\u044f \u0441\u043e\u0432\u0435\u0442\u0430 \u0434\u0438\u0440\u0435\u043a\u0442\u043e\u0440\u043e\u0432 (\u043d\u0430\u0431\u043b\u044e\u0434\u0430\u0442\u0435\",2,9
MGNT,ПАО Магнит,https://www.magnit.com/ru/disclosure/regulatory-news/,https://storage.zds.zebra-group.ru/data/3/1/c11fd344c6bc78c4704fd0224670174d.pdf,"u043c\u0430\u0433"",""link"":""/ru/disclosure/regulatory-news/14f6656d2d6eb09d3dc7f95771781f82/"",""pdf"":""https://storage.zds.zebra-group.ru/data/3/1/acc5ac6444ed64b33085b3ab8cde1042.pdf""},{""date"":1675421100,""name"":""\u0421\u043e\u0431\u044b\u0442\u0438\u044f (\u0434\u0435\u0439\u0441\u0442\u0432\u0438\u044f), \u043e\u043a\u0430\u0437\u044b\u0432\u0430\u044e\u0449\u0438\u0435, \u043f\u043e \u043c\u043d\u0435\u043d\u0438\u044e \u044d\u043c\u0438\u0442\u0435\u043d\u0442\u0430, \u0441\u0443\u0449\u0435\u0441\u0442\u0432\u0435\u043d\u043d\u043e\u0435 \u0432\u043b\u0438\u044f\u043d\u0438\u0435 \u043d\u0430 \u0441\u0442\u043e\u0438\u043c\u043e\u0441\u0442\u044c \u0438\u043b\u0438 \u043a\u043e\u0442\u0438\u0440\u043e\u0432\u043a\u0438 \u0435\u0433\u043e \u0446\u0435\u043d\u043d\u044b\u0445 \u0431\u0443\u043c\u0430\u0433"",""link"":""/ru/disclosure/regulatory-news/49e24acc5d684eece0b500ee6d3bee52/"",""pdf"":""https://storage.zds.zebra-group.ru/data/3/1/c11fd344c6bc78c4704fd0224670174d.pdf""}],""2022"":[{""date"":1672050600,""name"":""\u0418\u0441\u043a\u043b\u044e\u0447\u0435\u043d\u0438\u0435 \u044d\u043c\u0438\u0441\u0441\u0438\u043e\u043d\u043d\u044b\u0445 \u0446\u0435\u043d\u043d\u044b\u0445 \u0431\u0443\u043c\u0430\u0433 \u044d\u043c\u0438\u0442\u0435\u043d\u0442\u0430 \u0438\u0437 \u0",2,9
MGNT,ПАО Магнит,https://www.magnit.com/ru/disclosure/regulatory-news/,https://storage.zds.zebra-group.ru/data/3/1/6290e27c75c1f375de0a019b248c3e55.pdf,"9e24acc5d684eece0b500ee6d3bee52/"",""pdf"":""https://storage.zds.zebra-group.ru/data/3/1/c11fd344c6bc78c4704fd0224670174d.pdf""}],""2022"":[{""date"":1672050600,""name"":""\u0418\u0441\u043a\u043b\u044e\u0447\u0435\u043d\u0438\u0435 \u044d\u043c\u0438\u0441\u0441\u0438\u043e\u043d\u043d\u044b\u0445 \u0446\u0435\u043d\u043d\u044b\u0445 \u0431\u0443\u043c\u0430\u0433 \u044d\u043c\u0438\u0442\u0435\u043d\u0442\u0430 \u0438\u0437 \u0441\u043f\u0438\u0441\u043a\u0430 \u0446\u0435\u043d\u043d\u044b\u0445 \u0431\u0443\u043c\u0430\u0433, \u0434\u043e\u043f\u0443\u0449\u0435\u043d\u043d\u044b\u0445 \u043a \u0442\u043e\u0440\u0433\u0430\u043c \u0440\u043e\u0441\u0441\u0438\u0439\u0441\u043a\u0438\u043c \u043e\u0440\u0433\u0430\u043d\u0438\u0437\u0430\u0442\u043e\u0440\u043e\u043c \u0442\u043e\u0440\u0433\u043e\u0432\u043b\u0438"",""link"":""/ru/disclosure/regulatory-news/b9bbf4c687c9f5dfbd2570d15d57a429/"",""pdf"":""https://storage.zds.zebra-group.ru/data/3/1/6290e27c75c1f375de0a019b248c3e55.pdf""},{""date"":1671728400,""name"":""\u041f\u043e\u0433\u0430\u0448\u0435\u043d\u0438\u0435 \u043e\u0431\u043b\u0438\u0433\u0430\u0446\u0438\u0439"",""link"":""/ru/disclosure/regulatory-news/f8461709d5c5428c606dd11bd059b87b/"",""pdf"":""https://storage.zds.zebra-group.ru/data/3/1/1e8a619fb3bdd6d25df20c9ae5d6e993.p",2,9
MGNT,ПАО Магнит,https://www.magnit.com/ru/disclosure/regulatory-news/,https://storage.zds.zebra-group.ru/data/3/1/b50942e6200a5628612b4e92ecdd417a.pdf,"u043d\u0442\u0430"",""link"":""/ru/disclosure/regulatory-news/3da199a71dd66c80b9fb6e5366cbdc64/"",""pdf"":""https://storage.zds.zebra-group.ru/data/3/1/bd38a1a7d5c8a527dd0e77102dc2d231.pdf""},{""date"":1651258200,""name"":""\u0421\u043e\u0431\u044b\u0442\u0438\u044f (\u0434\u0435\u0439\u0441\u0442\u0432\u0438\u044f), \u043e\u043a\u0430\u0437\u044b\u0432\u0430\u044e\u0449\u0438\u0435, \u043f\u043e \u043c\u043d\u0435\u043d\u0438\u044e \u044d\u043c\u0438\u0442\u0435\u043d\u0442\u0430, \u0441\u0443\u0449\u0435\u0441\u0442\u0432\u0435\u043d\u043d\u043e\u0435 \u0432\u043b\u0438\u044f\u043d\u0438\u0435 \u043d\u0430 \u0441\u0442\u043e\u0438\u043c\u043e\u0441\u0442\u044c \u0438\u043b\u0438 \u043a\u043e\u0442\u0438\u0440\u043e\u0432\u043a\u0438 \u0435\u0433\u043e \u0446\u0435\u043d\u043d\u044b\u0445 \u0431\u0443\u043c\u0430\u0433"",""link"":""/ru/disclosure/regulatory-news/dba9c91f4371340e8f902ecc6bc2b3ce/"",""pdf"":""https://storage.zds.zebra-group.ru/data/3/1/b50942e6200a5628612b4e92ecdd417a.pdf""},{""date"":1651229400,""name"":""\u00ab\u041c\u0430\u0433\u043d\u0438\u0442\u00bb \u0441\u043e\u043e\u0431\u0449\u0430\u0435\u0442 \u043e \u043f\u0443\u0431\u043b\u0438\u043a\u0430\u0446\u0438\u0438 \u0413\u043e\u0434\u043e\u0432\u043e\u0433\u043e \u043e\u0442\u0447\u0435\u0442\u0430 \u0437\u0430 2021",2,9
MGNT,ПАО Магнит,https://www.magnit.com/ru/disclosure/regulatory-news/,https://storage.zds.zebra-group.ru/data/3/1/5751edd41b66c10e8a297607780ff764.pdf,"0443\u0449\u0435\u0441\u0442\u0432\u0435\u043d\u043d\u043e\u0435 \u0432\u043b\u0438\u044f\u043d\u0438\u0435 \u043d\u0430 \u0441\u0442\u043e\u0438\u043c\u043e\u0441\u0442\u044c \u0438\u043b\u0438 \u043a\u043e\u0442\u0438\u0440\u043e\u0432\u043a\u0438 \u0435\u0433\u043e \u0446\u0435\u043d\u043d\u044b\u0445 \u0431\u0443\u043c\u0430\u0433"",""link"":""/ru/disclosure/regulatory-news/dba9c91f4371340e8f902ecc6bc2b3ce/"",""pdf"":""https://storage.zds.zebra-group.ru/data/3/1/b50942e6200a5628612b4e92ecdd417a.pdf""},{""date"":1651229400,""name"":""\u00ab\u041c\u0430\u0433\u043d\u0438\u0442\u00bb \u0441\u043e\u043e\u0431\u0449\u0430\u0435\u0442 \u043e \u043f\u0443\u0431\u043b\u0438\u043a\u0430\u0446\u0438\u0438 \u0413\u043e\u0434\u043e\u0432\u043e\u0433\u043e \u043e\u0442\u0447\u0435\u0442\u0430 \u0437\u0430 2021 \u0433\u043e\u0434"",""link"":""/ru/disclosure/regulatory-news/abfe077dcf9dd9b21b0029b11e4bab5d/"",""pdf"":""https://storage.zds.zebra-group.ru/data/3/1/5751edd41b66c10e8a297607780ff764.pdf""},{""date"":1651226340,""name"":""\u0414\u0430\u0442\u0430, \u043d\u0430 \u043a\u043e\u0442\u043e\u0440\u0443\u044e \u043e\u043f\u0440\u0435\u0434\u0435\u043b\u044f\u044e\u0442\u0441\u044f \u043b\u0438\u0446\u0430, \u0438\u043c\u0435\u044e\u0449\u0438\u0435 \u043f\u0440\u0430\u0432\u043e \u043d\u0430 \u",2,9
MGNT,ПАО Магнит,https://www.magnit.com/ru/disclosure/regulatory-news/,https://storage.zds.zebra-group.ru/data/3/1/e3df9547b7caff510c6c16612017a3c5.pdf,"5\u0442\u0430 \u0437\u0430 2021 \u0433\u043e\u0434"",""link"":""/ru/disclosure/regulatory-news/abfe077dcf9dd9b21b0029b11e4bab5d/"",""pdf"":""https://storage.zds.zebra-group.ru/data/3/1/5751edd41b66c10e8a297607780ff764.pdf""},{""date"":1651226340,""name"":""\u0414\u0430\u0442\u0430, \u043d\u0430 \u043a\u043e\u0442\u043e\u0440\u0443\u044e \u043e\u043f\u0440\u0435\u0434\u0435\u043b\u044f\u044e\u0442\u0441\u044f \u043b\u0438\u0446\u0430, \u0438\u043c\u0435\u044e\u0449\u0438\u0435 \u043f\u0440\u0430\u0432\u043e \u043d\u0430 \u043e\u0441\u0443\u0449\u0435\u0441\u0442\u0432\u043b\u0435\u043d\u0438\u0435 \u043f\u0440\u0430\u0432 \u043f\u043e \u0438\u043c\u0435\u043d\u043d\u044b\u043c \u044d\u043c\u0438\u0441\u0441\u0438\u043e\u043d\u043d\u044b\u043c \u0446\u0435\u043d\u043d\u044b\u043c \u0431\u0443\u043c\u0430\u0433\u0430\u043c"",""link"":""/ru/disclosure/regulatory-news/b712b72cc8a06a9fe24a828580cca41a/"",""pdf"":""https://storage.zds.zebra-group.ru/data/3/1/e3df9547b7caff510c6c16612017a3c5.pdf""},{""date"":1651226340,""name"":""\u0421\u043e\u0437\u044b\u0432 \u043e\u0431\u0449\u0435\u0433\u043e \u0441\u043e\u0431\u0440\u0430\u043d\u0438\u044f \u0443\u0447\u0430\u0441\u0442\u043d\u0438\u043a\u043e\u0432 (\u0430\u043a\u0446\u0438\u043e\u043d\u0435\u0440\u043e\u0432)"",""link"":""/ru/disclosure/regul",2,9
MGNT,ПАО Магнит,https://www.magnit.com/ru/disclosure/regulatory-news/,https://storage.zds.zebra-group.ru/data/3/1/c58ed189ea62999a953bcf9699919549.pdf,"/32fc1eec36c4b1ad8e89e57708fa84ad.pdf""},{""date"":1643826000,""name"":""\u041f\u043e\u0433\u0430\u0448\u0435\u043d\u0438\u0435 \u043e\u0431\u043b\u0438\u0433\u0430\u0446\u0438\u0439"",""link"":""/ru/disclosure/regulatory-news/74ba8d536b8f06dea5aca0921f6919f1/"",""pdf"":""https://storage.zds.zebra-group.ru/data/3/1/ae3b627f1b5883257d6927315b8dd9dc.pdf""},{""date"":1643826000,""name"":""\u0412\u044b\u043f\u043b\u0430\u0447\u0435\u043d\u043d\u044b\u0435 \u0434\u043e\u0445\u043e\u0434\u044b \u0438\u043b\u0438 \u0438\u043d\u044b\u0435 \u0432\u044b\u043f\u043b\u0430\u0442\u044b, \u043f\u0440\u0438\u0447\u0438\u0442\u0430\u044e\u0449\u0438\u0435\u0441\u044f \u0432\u043b\u0430\u0434\u0435\u043b\u044c\u0446\u0430\u043c \u0446\u0435\u043d\u043d\u044b\u0445 \u0431\u0443\u043c\u0430\u0433 \u044d\u043c\u0438\u0442\u0435\u043d\u0442\u0430"",""link"":""/ru/disclosure/regulatory-news/48474e90d8b2ee2f2024cd0622eeac86/"",""pdf"":""https://storage.zds.zebra-group.ru/data/3/1/c58ed189ea62999a953bcf9699919549.pdf""},{""date"":1643826000,""name"":""\u0412\u044b\u043f\u043b\u0430\u0447\u0435\u043d\u043d\u044b\u0435 \u0434\u043e\u0445\u043e\u0434\u044b \u0438\u043b\u0438 \u0438\u043d\u044b\u0435 \u0432\u044b\u043f\u043b\u0430\u0442\u044b, \u043f\u0440\u0438\u0447\u0438\u0442\u0430\u044e\u0449\u0438\u0435\u0441\u044f",2,9
MGNT,ПАО Магнит,https://www.magnit.com/ru/disclosure/regulatory-news/,https://storage.zds.zebra-group.ru/data/3/1/dd48b92584a81b6f1ff77f27db4fd73e.pdf,"u0432\u043b\u0430\u0434\u0435\u043b\u044c\u0446\u0430\u043c \u0446\u0435\u043d\u043d\u044b\u0445 \u0431\u0443\u043c\u0430\u0433 \u044d\u043c\u0438\u0442\u0435\u043d\u0442\u0430"",""link"":""/ru/disclosure/regulatory-news/48474e90d8b2ee2f2024cd0622eeac86/"",""pdf"":""https://storage.zds.zebra-group.ru/data/3/1/c58ed189ea62999a953bcf9699919549.pdf""},{""date"":1643826000,""name"":""\u0412\u044b\u043f\u043b\u0430\u0447\u0435\u043d\u043d\u044b\u0435 \u0434\u043e\u0445\u043e\u0434\u044b \u0438\u043b\u0438 \u0438\u043d\u044b\u0435 \u0432\u044b\u043f\u043b\u0430\u0442\u044b, \u043f\u0440\u0438\u0447\u0438\u0442\u0430\u044e\u0449\u0438\u0435\u0441\u044f \u0432\u043b\u0430\u0434\u0435\u043b\u044c\u0446\u0430\u043c \u0446\u0435\u043d\u043d\u044b\u0445 \u0431\u0443\u043c\u0430\u0433 \u044d\u043c\u0438\u0442\u0435\u043d\u0442\u0430"",""link"":""/ru/disclosure/regulatory-news/475bf9067844c5845d1065c9c7277ad9/"",""pdf"":""https://storage.zds.zebra-group.ru/data/3/1/dd48b92584a81b6f1ff77f27db4fd73e.pdf""},{""date"":1643107500,""name"":""\u00ab\u041c\u0430\u0433\u043d\u0438\u0442\u00bb \u043c\u0430\u0441\u0448\u0442\u0430\u0431\u0438\u0440\u0443\u0435\u0442 \u043f\u0440\u043e\u0435\u043a\u0442 \u043f\u0435\u043a\u0430\u0440\u0435\u043d \u0432 \u043c\u0430\u0433\u0430\u0437\u0438\u043d\u0430\u0445 \u0443",2,9
MGNT,ПАО Магнит,https://www.magnit.com/ru/disclosure/regulatory-news/,https://storage.zds.zebra-group.ru/data/3/1/d3bd3a1856a68790ef1ecf2dd7a1e9d5.pdf,"a3340b856/"",""pdf"":""https://storage.zds.zebra-group.ru/data/3/1/02e5beb1c05fdb8f44c588300bd9d64d.pdf""},{""date"":1642067940,""name"":""\u00ab\u041c\u0430\u0433\u043d\u0438\u0442\u00bb \u043f\u043e\u0434\u0432\u0435\u043b \u0438\u0442\u043e\u0433\u0438 \u043d\u043e\u0432\u043e\u0433\u043e\u0434\u043d\u0438\u0445 \u043f\u0440\u043e\u0434\u0430\u0436"",""link"":""/ru/disclosure/regulatory-news/e431a65ced530da2242575ba0e0874fa/"",""pdf"":""https://storage.zds.zebra-group.ru/data/3/1/126e60b35eea096c52a1845962394238.pdf""},{""date"":1642001400,""name"":""\u00ab\u041c\u0430\u0433\u043d\u0438\u0442\u00bb \u0432\u044b\u043f\u043e\u043b\u043d\u0438\u043b \u0431\u043e\u043b\u0435\u0435 100 \u0442\u044b\u0441\u044f\u0447 \u043e\u043d\u043b\u0430\u0439\u043d-\u0437\u0430\u043a\u0430\u0437\u043e\u0432 \u0432 \u0441\u0443\u0442\u043a\u0438"",""link"":""/ru/disclosure/regulatory-news/9091752c80e82d7fa4637a198645ec36/"",""pdf"":""https://storage.zds.zebra-group.ru/data/3/1/d3bd3a1856a68790ef1ecf2dd7a1e9d5.pdf""}]},""archive"":{""2021"":[{""date"":1640705400,""name"":""\u041f\u0440\u043e\u0432\u0435\u0434\u0435\u043d\u0438\u0435 \u0437\u0430\u0441\u0435\u0434\u0430\u043d\u0438\u044f \u0441\u043e\u0432\u0435\u0442\u0430 \u0434\u0438\u0440\u0435\u043a\u0442\u043e\u0440\u043e\u0432 (\u043d\u0430\u0431\u043b\u044e\u04",2,9
MGNT,ПАО Магнит,https://www.magnit.com/ru/disclosure/regulatory-news/,https://storage.zds.zebra-group.ru/data/3/1/ca46ab76635947ee464e5eca064802af.pdf,"b\u0435\u0435 100 \u0442\u044b\u0441\u044f\u0447 \u043e\u043d\u043b\u0430\u0439\u043d-\u0437\u0430\u043a\u0430\u0437\u043e\u0432 \u0432 \u0441\u0443\u0442\u043a\u0438"",""link"":""/ru/disclosure/regulatory-news/9091752c80e82d7fa4637a198645ec36/"",""pdf"":""https://storage.zds.zebra-group.ru/data/3/1/d3bd3a1856a68790ef1ecf2dd7a1e9d5.pdf""}]},""archive"":{""2021"":[{""date"":1640705400,""name"":""\u041f\u0440\u043e\u0432\u0435\u0434\u0435\u043d\u0438\u0435 \u0437\u0430\u0441\u0435\u0434\u0430\u043d\u0438\u044f \u0441\u043e\u0432\u0435\u0442\u0430 \u0434\u0438\u0440\u0435\u043a\u0442\u043e\u0440\u043e\u0432 (\u043d\u0430\u0431\u043b\u044e\u0434\u0430\u0442\u0435\u043b\u044c\u043d\u043e\u0433\u043e \u0441\u043e\u0432\u0435\u0442\u0430) \u0438 \u0435\u0433\u043e \u043f\u043e\u0432\u0435\u0441\u0442\u043a\u0430 \u0434\u043d\u044f"",""link"":""/ru/disclosure/regulatory-news/05f2240fb7450dafdb90548fd4b0f992/"",""pdf"":""https://storage.zds.zebra-group.ru/data/3/1/ca46ab76635947ee464e5eca064802af.pdf""},{""date"":1640277000,""name"":""\u0412\u044b\u043f\u043b\u0430\u0447\u0435\u043d\u043d\u044b\u0435 \u0434\u043e\u0445\u043e\u0434\u044b \u0438\u043b\u0438 \u0438\u043d\u044b\u0435 \u0432\u044b\u043f\u043b\u0430\u0442\u044b, \u043f\u0440\u0438\u0447\u0438\u0442\u0430\u044e\u0449\u0438\u0435\u0441\u044f",2,9
MGNT,ПАО Магнит,https://www.magnit.com/ru/disclosure/regulatory-news/,https://storage.zds.zebra-group.ru/data/3/1/4e544150a8d976316c98f59a70eaeba2.pdf,"42\u0435\u043b\u044c\u043d\u043e\u0433\u043e \u0441\u043e\u0432\u0435\u0442\u0430) \u0438 \u0435\u0433\u043e \u043f\u043e\u0432\u0435\u0441\u0442\u043a\u0430 \u0434\u043d\u044f"",""link"":""/ru/disclosure/regulatory-news/05f2240fb7450dafdb90548fd4b0f992/"",""pdf"":""https://storage.zds.zebra-group.ru/data/3/1/ca46ab76635947ee464e5eca064802af.pdf""},{""date"":1640277000,""name"":""\u0412\u044b\u043f\u043b\u0430\u0447\u0435\u043d\u043d\u044b\u0435 \u0434\u043e\u0445\u043e\u0434\u044b \u0438\u043b\u0438 \u0438\u043d\u044b\u0435 \u0432\u044b\u043f\u043b\u0430\u0442\u044b, \u043f\u0440\u0438\u0447\u0438\u0442\u0430\u044e\u0449\u0438\u0435\u0441\u044f \u0432\u043b\u0430\u0434\u0435\u043b\u044c\u0446\u0430\u043c \u0446\u0435\u043d\u043d\u044b\u0445 \u0431\u0443\u043c\u0430\u0433 \u044d\u043c\u0438\u0442\u0435\u043d\u0442\u0430"",""link"":""/ru/disclosure/regulatory-news/02c5ffeaa80fb6472deb68c7ccb1a0f2/"",""pdf"":""https://storage.zds.zebra-group.ru/data/3/1/4e544150a8d976316c98f59a70eaeba2.pdf""},{""date"":1640167140,""name"":""\u00ab\u041c\u0430\u0433\u043d\u0438\u0442\u00bb \u043d\u0430\u0437\u0432\u0430\u043b \u0442\u043e\u0432\u0430\u0440\u044b-\u0445\u0438\u0442\u044b 2021 \u0433\u043e\u0434\u0430"",""link"":""/ru/disclosure/regulatory-news/4d59d7d4a3540e8f0f552cd7f28b030e/"",""pdf"":""https://st",2,9
MGNT,ПАО Магнит,https://www.magnit.com/ru/disclosure/regulatory-news/,https://storage.zds.zebra-group.ru/data/3/1/570996e75c7b7cfa72f1539023e9499d.pdf,"u0412\u044b\u043f\u043b\u0430\u0447\u0435\u043d\u043d\u044b\u0435 \u0434\u043e\u0445\u043e\u0434\u044b \u0438\u043b\u0438 \u0438\u043d\u044b\u0435 \u0432\u044b\u043f\u043b\u0430\u0442\u044b, \u043f\u0440\u0438\u0447\u0438\u0442\u0430\u044e\u0449\u0438\u0435\u0441\u044f \u0432\u043b\u0430\u0434\u0435\u043b\u044c\u0446\u0430\u043c \u0446\u0435\u043d\u043d\u044b\u0445 \u0431\u0443\u043c\u0430\u0433 \u044d\u043c\u0438\u0442\u0435\u043d\u0442\u0430"",""link"":""/ru/disclosure/regulatory-news/02c5ffeaa80fb6472deb68c7ccb1a0f2/"",""pdf"":""https://storage.zds.zebra-group.ru/data/3/1/4e544150a8d976316c98f59a70eaeba2.pdf""},{""date"":1640167140,""name"":""\u00ab\u041c\u0430\u0433\u043d\u0438\u0442\u00bb \u043d\u0430\u0437\u0432\u0430\u043b \u0442\u043e\u0432\u0430\u0440\u044b-\u0445\u0438\u0442\u044b 2021 \u0433\u043e\u0434\u0430"",""link"":""/ru/disclosure/regulatory-news/4d59d7d4a3540e8f0f552cd7f28b030e/"",""pdf"":""https://storage.zds.zebra-group.ru/data/3/1/570996e75c7b7cfa72f1539023e9499d.pdf""},{""date"":1640024100,""name"":""\u041f\u0440\u0438\u0441\u0432\u043e\u0435\u043d\u0438\u0435 \u0438\u043b\u0438 \u0438\u0437\u043c\u0435\u043d\u0435\u043d\u0438\u0435 \u0440\u0435\u0439\u0442\u0438\u043d\u0433\u0430 \u044d\u043c\u0438\u0442\u0435\u043d\u0442\u0430 \u0440\u0435\u0439\u0442\u0438\u043d\",2,9
MGNT,ПАО Магнит,https://www.magnit.com/ru/disclosure/regulatory-news/,https://storage.zds.zebra-group.ru/data/3/1/f30b8910061ad59dbec74bc7065229d9.pdf,"2021 \u0433\u043e\u0434\u0430"",""link"":""/ru/disclosure/regulatory-news/4d59d7d4a3540e8f0f552cd7f28b030e/"",""pdf"":""https://storage.zds.zebra-group.ru/data/3/1/570996e75c7b7cfa72f1539023e9499d.pdf""},{""date"":1640024100,""name"":""\u041f\u0440\u0438\u0441\u0432\u043e\u0435\u043d\u0438\u0435 \u0438\u043b\u0438 \u0438\u0437\u043c\u0435\u043d\u0435\u043d\u0438\u0435 \u0440\u0435\u0439\u0442\u0438\u043d\u0433\u0430 \u044d\u043c\u0438\u0442\u0435\u043d\u0442\u0430 \u0440\u0435\u0439\u0442\u0438\u043d\u0433\u043e\u0432\u044b\u043c \u0430\u0433\u0435\u043d\u0442\u0441\u0442\u0432\u043e\u043c \u0438\u043b\u0438 \u0438\u043d\u043e\u0439 \u043e\u0440\u0433\u0430\u043d\u0438\u0437\u0430\u0446\u0438\u0435\u0439 \u043d\u0430 \u043e\u0441\u043d\u043e\u0432\u0430\u043d\u0438\u0438 \u0434\u043e\u0433\u043e\u0432\u043e\u0440\u0430"",""link"":""/ru/disclosure/regulatory-news/fe96713f6dc1d70ffc0c8c608bdf53f0/"",""pdf"":""https://storage.zds.zebra-group.ru/data/3/1/f30b8910061ad59dbec74bc7065229d9.pdf""},{""date"":1639764900,""name"":""\u0414\u0430\u0442\u0430, \u043d\u0430 \u043a\u043e\u0442\u043e\u0440\u0443\u044e \u043e\u043f\u0440\u0435\u0434\u0435\u043b\u044f\u044e\u0442\u0441\u044f \u043b\u0438\u0446\u0430, \u0438\u043c\u0435\u044e\u0449\u0438\u0435 \u043f\u0440\u0430\u0432\u043e \u043d\u0430 \u",2,9
MGNT,ПАО Магнит,https://www.magnit.com/ru/disclosure/regulatory-news/,https://storage.zds.zebra-group.ru/data/3/1/960685ca8dfced9e5132b2e7ae05abaf.pdf,"5 \u0446\u0435\u043d\u043d\u044b\u0445 \u0431\u0443\u043c\u0430\u0433"",""link"":""/ru/disclosure/regulatory-news/a545866ffc906fa6776fd7146c3d1a22/"",""pdf"":""https://storage.zds.zebra-group.ru/data/3/1/539b051cf1250278f0551f285898221f.pdf""},{""date"":1622047500,""name"":""\u0421\u0432\u0435\u0434\u0435\u043d\u0438\u044f, \u043e\u043a\u0430\u0437\u044b\u0432\u0430\u044e\u0449\u0438\u0435, \u043f\u043e \u043c\u043d\u0435\u043d\u0438\u044e \u044d\u043c\u0438\u0442\u0435\u043d\u0442\u0430, \u0441\u0443\u0449\u0435\u0441\u0442\u0432\u0435\u043d\u043d\u043e\u0435 \u0432\u043b\u0438\u044f\u043d\u0438\u0435 \u043d\u0430 \u0441\u0442\u043e\u0438\u043c\u043e\u0441\u0442\u044c \u0435\u0433\u043e \u044d\u043c\u0438\u0441\u0441\u0438\u043e\u043d\u043d\u044b\u0445 \u0446\u0435\u043d\u043d\u044b\u0445 \u0431\u0443\u043c\u0430\u0433"",""link"":""/ru/disclosure/regulatory-news/b337265f690f14c33d88332d0ebfe34d/"",""pdf"":""https://storage.zds.zebra-group.ru/data/3/1/960685ca8dfced9e5132b2e7ae05abaf.pdf""},{""date"":1622023200,""name"":""\u0421\u0432\u0435\u0434\u0435\u043d\u0438\u044f, \u043e\u043a\u0430\u0437\u044b\u0432\u0430\u044e\u0449\u0438\u0435, \u043f\u043e \u043c\u043d\u0435\u043d\u0438\u044e \u044d\u043c\u0438\u0442\u0435\u043d\u0442\u0430, \u0441\u0443\u0449\u0435\u0441\u0442\u0432\u0435\u04",2,9
MGNT,ПАО Магнит,https://www.magnit.com/ru/disclosure/regulatory-news/,https://storage.zds.zebra-group.ru/data/3/1/af8077937a13c4e867fa027c31467070.pdf,"5 \u0446\u0435\u043d\u043d\u044b\u0445 \u0431\u0443\u043c\u0430\u0433"",""link"":""/ru/disclosure/regulatory-news/b337265f690f14c33d88332d0ebfe34d/"",""pdf"":""https://storage.zds.zebra-group.ru/data/3/1/960685ca8dfced9e5132b2e7ae05abaf.pdf""},{""date"":1622023200,""name"":""\u0421\u0432\u0435\u0434\u0435\u043d\u0438\u044f, \u043e\u043a\u0430\u0437\u044b\u0432\u0430\u044e\u0449\u0438\u0435, \u043f\u043e \u043c\u043d\u0435\u043d\u0438\u044e \u044d\u043c\u0438\u0442\u0435\u043d\u0442\u0430, \u0441\u0443\u0449\u0435\u0441\u0442\u0432\u0435\u043d\u043d\u043e\u0435 \u0432\u043b\u0438\u044f\u043d\u0438\u0435 \u043d\u0430 \u0441\u0442\u043e\u0438\u043c\u043e\u0441\u0442\u044c \u0435\u0433\u043e \u044d\u043c\u0438\u0441\u0441\u0438\u043e\u043d\u043d\u044b\u0445 \u0446\u0435\u043d\u043d\u044b\u0445 \u0431\u0443\u043c\u0430\u0433"",""link"":""/ru/disclosure/regulatory-news/b70a55a7501560c5cd54da4537bde414/"",""pdf"":""https://storage.zds.zebra-group.ru/data/3/1/af8077937a13c4e867fa027c31467070.pdf""},{""date"":1622023200,""name"":""\u0421\u0432\u0435\u0434\u0435\u043d\u0438\u044f, \u043e\u043a\u0430\u0437\u044b\u0432\u0430\u044e\u0449\u0438\u0435, \u043f\u043e \u043c\u043d\u0435\u043d\u0438\u044e \u044d\u043c\u0438\u0442\u0435\u043d\u0442\u0430, \u0441\u0443\u0449\u0435\u0441\u0442\u0432\u0435\u04",2,9
MGNT,ПАО Магнит,https://www.magnit.com/ru/disclosure/regulatory-news/,https://storage.zds.zebra-group.ru/data/3/1/d6d3ddb2083beaf0b9a63e1e2487dc3c.pdf,"5 \u0446\u0435\u043d\u043d\u044b\u0445 \u0431\u0443\u043c\u0430\u0433"",""link"":""/ru/disclosure/regulatory-news/b70a55a7501560c5cd54da4537bde414/"",""pdf"":""https://storage.zds.zebra-group.ru/data/3/1/af8077937a13c4e867fa027c31467070.pdf""},{""date"":1622023200,""name"":""\u0421\u0432\u0435\u0434\u0435\u043d\u0438\u044f, \u043e\u043a\u0430\u0437\u044b\u0432\u0430\u044e\u0449\u0438\u0435, \u043f\u043e \u043c\u043d\u0435\u043d\u0438\u044e \u044d\u043c\u0438\u0442\u0435\u043d\u0442\u0430, \u0441\u0443\u0449\u0435\u0441\u0442\u0432\u0435\u043d\u043d\u043e\u0435 \u0432\u043b\u0438\u044f\u043d\u0438\u0435 \u043d\u0430 \u0441\u0442\u043e\u0438\u043c\u043e\u0441\u0442\u044c \u0435\u0433\u043e \u044d\u043c\u0438\u0441\u0441\u0438\u043e\u043d\u043d\u044b\u0445 \u0446\u0435\u043d\u043d\u044b\u0445 \u0431\u0443\u043c\u0430\u0433"",""link"":""/ru/disclosure/regulatory-news/fa637f5359f9bbeaaa9cdebd9e7c023a/"",""pdf"":""https://storage.zds.zebra-group.ru/data/3/1/d6d3ddb2083beaf0b9a63e1e2487dc3c.pdf""},{""date"":1621968480,""name"":""\u0421\u0432\u0435\u0434\u0435\u043d\u0438\u044f, \u043d\u0430\u043f\u0440\u0430\u0432\u043b\u0435\u043d\u043d\u044b\u0435 \u0437\u0430 \u043f\u0440\u0435\u0434\u0435\u043b\u044b \u0420\u0424 \u0434\u043b\u044f \u0438\u0445 \u0440\u0430\u0441\u043a\u0440\u044b\u0442\u04",2,9
MGNT,ПАО Магнит,https://www.magnit.com/ru/disclosure/regulatory-news/,https://storage.zds.zebra-group.ru/data/3/1/83b45d7d83586b65d81d3eb3743f3797.pdf,"u043c\u0430\u0433, \u0434\u043e\u043f\u0443\u0449\u0435\u043d\u043d\u044b\u0445 \u043a \u0442\u043e\u0440\u0433\u0430\u043c \u0440\u043e\u0441\u0441\u0438\u0439\u0441\u043a\u0438\u043c \u043e\u0440\u0433\u0430\u043d\u0438\u0437\u0430\u0442\u043e\u0440\u043e\u043c \u0442\u043e\u0440\u0433\u043e\u0432\u043b\u0438"",""link"":""/ru/disclosure/regulatory-news/38400b1a46f93e01179324ba18d568fd/"",""pdf"":""https://storage.zds.zebra-group.ru/data/3/1/b1f721c61a7af4be8cc1a8d514c04107.pdf""},{""date"":1614184200,""name"":""\u0412\u044b\u043f\u043b\u0430\u0447\u0435\u043d\u043d\u044b\u0435 \u0434\u043e\u0445\u043e\u0434\u044b \u043f\u043e \u044d\u043c\u0438\u0441\u0441\u0438\u043e\u043d\u043d\u044b\u043c \u0446\u0435\u043d\u043d\u044b\u043c \u0431\u0443\u043c\u0430\u0433\u0430\u043c \u044d\u043c\u0438\u0442\u0435\u043d\u0442\u0430"",""link"":""/ru/disclosure/regulatory-news/ec16de8a78b3704f1fbe72fcc8162433/"",""pdf"":""https://storage.zds.zebra-group.ru/data/3/1/83b45d7d83586b65d81d3eb3743f3797.pdf""},{""date"":1614184200,""name"":""\u041f\u043e\u0433\u0430\u0448\u0435\u043d\u0438\u0435 \u043e\u0431\u043b\u0438\u0433\u0430\u0446\u0438\u0439"",""link"":""/ru/disclosure/regulatory-news/cc7235134602d2a202580485c0355cd1/"",""pdf"":""https://storage.zds.zebra-group.ru/data/3/1/b267b0bff628671961d5f154a8ded6d8.p",2,9
MGNT,ПАО Магнит,https://www.magnit.com/ru/disclosure/regulatory-news/,https://storage.zds.zebra-group.ru/data/3/1/b267b0bff628671961d5f154a8ded6d8.pdf,"043b\u0438"",""link"":""/ru/disclosure/regulatory-news/38400b1a46f93e01179324ba18d568fd/"",""pdf"":""https://storage.zds.zebra-group.ru/data/3/1/b1f721c61a7af4be8cc1a8d514c04107.pdf""},{""date"":1614184200,""name"":""\u0412\u044b\u043f\u043b\u0430\u0447\u0435\u043d\u043d\u044b\u0435 \u0434\u043e\u0445\u043e\u0434\u044b \u043f\u043e \u044d\u043c\u0438\u0441\u0441\u0438\u043e\u043d\u043d\u044b\u043c \u0446\u0435\u043d\u043d\u044b\u043c \u0431\u0443\u043c\u0430\u0433\u0430\u043c \u044d\u043c\u0438\u0442\u0435\u043d\u0442\u0430"",""link"":""/ru/disclosure/regulatory-news/ec16de8a78b3704f1fbe72fcc8162433/"",""pdf"":""https://storage.zds.zebra-group.ru/data/3/1/83b45d7d83586b65d81d3eb3743f3797.pdf""},{""date"":1614184200,""name"":""\u041f\u043e\u0433\u0430\u0448\u0435\u043d\u0438\u0435 \u043e\u0431\u043b\u0438\u0433\u0430\u0446\u0438\u0439"",""link"":""/ru/disclosure/regulatory-news/cc7235134602d2a202580485c0355cd1/"",""pdf"":""https://storage.zds.zebra-group.ru/data/3/1/b267b0bff628671961d5f154a8ded6d8.pdf""},{""date"":1613642340,""name"":""\u0421\u043e\u043e\u0431\u0449\u0435\u043d\u0438\u0435 \u043e \u043a\u043b\u044e\u0447\u0435\u0432\u044b\u0445 \u0440\u0435\u0448\u0435\u043d\u0438\u044f\u0445 \u0421\u043e\u0432\u0435\u0442\u0430 \u0434\u0438\u0440\u0435\u043a\u0442\u043e\u0440\u043e\u0432"",""link"":""/ru",2,9
MGNT,ПАО Магнит,https://www.magnit.com/ru/disclosure/regulatory-news/,https://storage.zds.zebra-group.ru/data/3/1/80f0fd70a832f39977284d53f4d282da.pdf,"0433\u0430\u043c \u044d\u043c\u0438\u0442\u0435\u043d\u0442\u0430"",""link"":""/ru/disclosure/regulatory-news/ec16de8a78b3704f1fbe72fcc8162433/"",""pdf"":""https://storage.zds.zebra-group.ru/data/3/1/83b45d7d83586b65d81d3eb3743f3797.pdf""},{""date"":1614184200,""name"":""\u041f\u043e\u0433\u0430\u0448\u0435\u043d\u0438\u0435 \u043e\u0431\u043b\u0438\u0433\u0430\u0446\u0438\u0439"",""link"":""/ru/disclosure/regulatory-news/cc7235134602d2a202580485c0355cd1/"",""pdf"":""https://storage.zds.zebra-group.ru/data/3/1/b267b0bff628671961d5f154a8ded6d8.pdf""},{""date"":1613642340,""name"":""\u0421\u043e\u043e\u0431\u0449\u0435\u043d\u0438\u0435 \u043e \u043a\u043b\u044e\u0447\u0435\u0432\u044b\u0445 \u0440\u0435\u0448\u0435\u043d\u0438\u044f\u0445 \u0421\u043e\u0432\u0435\u0442\u0430 \u0434\u0438\u0440\u0435\u043a\u0442\u043e\u0440\u043e\u0432"",""link"":""/ru/disclosure/regulatory-news/540321e01d27b049ab73997fe3457c02/"",""pdf"":""https://storage.zds.zebra-group.ru/data/3/1/80f0fd70a832f39977284d53f4d282da.pdf""},{""date"":1613642340,""name"":""\u0420\u0435\u0448\u0435\u043d\u0438\u044f \u0441\u043e\u0432\u0435\u0442\u0430 \u0434\u0438\u0440\u0435\u043a\u0442\u043e\u0440\u043e\u0432 (\u043d\u0430\u0431\u043b\u044e\u0434\u0430\u0442\u0435\u043b\u044c\u043d\u043e\u0433\u043e \u0441\u043e\u0432\u0435\u0442\u0430)",2,9
MGNT,ПАО Магнит,https://www.magnit.com/ru/disclosure/regulatory-news/,https://storage.zds.zebra-group.ru/data/3/1/a2dfd20221bb77cea881078f5214f8f8.pdf,"\u0430\u0433"",""link"":""/ru/disclosure/regulatory-news/387dc0ee5969c49ddef3ecfe139b53da/"",""pdf"":""https://storage.zds.zebra-group.ru/data/3/1/626082841a30c5005f35d7fda997fe1f.pdf""},{""date"":1561636440,""name"":""\u041f\u0440\u0438\u0441\u0432\u043e\u0435\u043d\u0438\u0435 \u0438\u043b\u0438 \u0438\u0437\u043c\u0435\u043d\u0435\u043d\u0438\u0435 \u0440\u0435\u0439\u0442\u0438\u043d\u0433\u0430 \u044d\u043c\u0438\u0441\u0441\u0438\u043e\u043d\u043d\u044b\u0445 \u0446\u0435\u043d\u043d\u044b\u0445 \u0431\u0443\u043c\u0430\u0433 \u044d\u043c\u0438\u0442\u0435\u043d\u0442\u0430 \u0440\u0435\u0439\u0442\u0438\u043d\u0433\u043e\u0432\u044b\u043c \u0430\u0433\u0435\u043d\u0442\u0441\u0442\u0432\u043e\u043c \u043d\u0430 \u043e\u0441\u043d\u043e\u0432\u0430\u043d\u0438\u0438 \u0434\u043e\u0433\u043e\u0432\u043e\u0440\u0430"",""link"":""/ru/disclosure/regulatory-news/2bfd73595945b42ce2c546a363443574/"",""pdf"":""https://storage.zds.zebra-group.ru/data/3/1/a2dfd20221bb77cea881078f5214f8f8.pdf""},{""date"":1561543200,""name"":""\u0421\u043e\u043e\u0431\u0449\u0435\u043d\u0438\u0435 \u043e\u0431 \u0438\u0437\u043c\u0435\u043d\u0435\u043d\u0438\u0438 \u0432 \u0440\u0443\u043a\u043e\u0432\u043e\u0434\u044f\u0449\u0435\u043c \u0441\u043e\u0441\u0442\u0430\u0432\u0435"",""link"":""/ru/disclosure/regula",2,9
MGNT,ПАО Магнит,https://www.magnit.com/ru/disclosure/regulatory-news/,https://storage.zds.zebra-group.ru/data/3/1/30fa038798d7314e2051c94a34ba38af.pdf,"u043d\u043d\u044b\u0445 \u0446\u0435\u043d\u043d\u044b\u0445 \u0431\u0443\u043c\u0430\u0433 \u044d\u043c\u0438\u0442\u0435\u043d\u0442\u0430 \u0440\u0435\u0439\u0442\u0438\u043d\u0433\u043e\u0432\u044b\u043c \u0430\u0433\u0435\u043d\u0442\u0441\u0442\u0432\u043e\u043c \u043d\u0430 \u043e\u0441\u043d\u043e\u0432\u0430\u043d\u0438\u0438 \u0434\u043e\u0433\u043e\u0432\u043e\u0440\u0430"",""link"":""/ru/disclosure/regulatory-news/2bfd73595945b42ce2c546a363443574/"",""pdf"":""https://storage.zds.zebra-group.ru/data/3/1/a2dfd20221bb77cea881078f5214f8f8.pdf""},{""date"":1561543200,""name"":""\u0421\u043e\u043e\u0431\u0449\u0435\u043d\u0438\u0435 \u043e\u0431 \u0438\u0437\u043c\u0435\u043d\u0435\u043d\u0438\u0438 \u0432 \u0440\u0443\u043a\u043e\u0432\u043e\u0434\u044f\u0449\u0435\u043c \u0441\u043e\u0441\u0442\u0430\u0432\u0435"",""link"":""/ru/disclosure/regulatory-news/0d1ff743d67e4639008be2bc588006c4/"",""pdf"":""https://storage.zds.zebra-group.ru/data/3/1/30fa038798d7314e2051c94a34ba38af.pdf""},{""date"":1561543200,""name"":""\u0420\u0435\u0448\u0435\u043d\u0438\u044f \u0441\u043e\u0432\u0435\u0442\u0430 \u0434\u0438\u0440\u0435\u043a\u0442\u043e\u0440\u043e\u0432 (\u043d\u0430\u0431\u043b\u044e\u0434\u0430\u0442\u0435\u043b\u044c\u043d\u043e\u0433\u043e \u0441\u043e\u0432\u0435\u0442\u0430)",2,9
MGNT,ПАО Магнит,https://www.magnit.com/ru/disclosure/regulatory-news/,https://storage.zds.zebra-group.ru/data/3/1/40603334aafed7d3d5ff1db225f175c6.pdf,"df"":""https://storage.zds.zebra-group.ru/data/3/1/a2dfd20221bb77cea881078f5214f8f8.pdf""},{""date"":1561543200,""name"":""\u0421\u043e\u043e\u0431\u0449\u0435\u043d\u0438\u0435 \u043e\u0431 \u0438\u0437\u043c\u0435\u043d\u0435\u043d\u0438\u0438 \u0432 \u0440\u0443\u043a\u043e\u0432\u043e\u0434\u044f\u0449\u0435\u043c \u0441\u043e\u0441\u0442\u0430\u0432\u0435"",""link"":""/ru/disclosure/regulatory-news/0d1ff743d67e4639008be2bc588006c4/"",""pdf"":""https://storage.zds.zebra-group.ru/data/3/1/30fa038798d7314e2051c94a34ba38af.pdf""},{""date"":1561543200,""name"":""\u0420\u0435\u0448\u0435\u043d\u0438\u044f \u0441\u043e\u0432\u0435\u0442\u0430 \u0434\u0438\u0440\u0435\u043a\u0442\u043e\u0440\u043e\u0432 (\u043d\u0430\u0431\u043b\u044e\u0434\u0430\u0442\u0435\u043b\u044c\u043d\u043e\u0433\u043e \u0441\u043e\u0432\u0435\u0442\u0430)"",""link"":""/ru/disclosure/regulatory-news/88a71d2ef6619fd4f314ef14e2eac6fb/"",""pdf"":""https://storage.zds.zebra-group.ru/data/3/1/40603334aafed7d3d5ff1db225f175c6.pdf""},{""date"":1561543020,""name"":""\u041f\u0440\u043e\u0432\u0435\u0434\u0435\u043d\u0438\u0435 \u0437\u0430\u0441\u0435\u0434\u0430\u043d\u0438\u044f \u0441\u043e\u0432\u0435\u0442\u0430 \u0434\u0438\u0440\u0435\u043a\u0442\u043e\u0440\u043e\u0432 (\u043d\u0430\u0431\u043b\u044e\u0434\u0430\u0442\u0435\",2,9
MGNT,ПАО Магнит,https://www.magnit.com/ru/disclosure/regulatory-news/,https://storage.zds.zebra-group.ru/data/3/1/3f8e6a7884fe49d7c1ab0577e951c0c5.pdf,"434\u0438\u0440\u0435\u043a\u0442\u043e\u0440\u043e\u0432 (\u043d\u0430\u0431\u043b\u044e\u0434\u0430\u0442\u0435\u043b\u044c\u043d\u043e\u0433\u043e \u0441\u043e\u0432\u0435\u0442\u0430)"",""link"":""/ru/disclosure/regulatory-news/8779e1e06282aa33fc85ccb01d35d732/"",""pdf"":""https://storage.zds.zebra-group.ru/data/3/1/b0cabf4bbacc4787b60d69b569b02cb2.pdf""},{""date"":1547719080,""name"":""\u041f\u0440\u043e\u0432\u0435\u0434\u0435\u043d\u0438\u0435 \u0437\u0430\u0441\u0435\u0434\u0430\u043d\u0438\u044f \u0441\u043e\u0432\u0435\u0442\u0430 \u0434\u0438\u0440\u0435\u043a\u0442\u043e\u0440\u043e\u0432 (\u043d\u0430\u0431\u043b\u044e\u0434\u0430\u0442\u0435\u043b\u044c\u043d\u043e\u0433\u043e \u0441\u043e\u0432\u0435\u0442\u0430) \u0438 \u0435\u0433\u043e \u043f\u043e\u0432\u0435\u0441\u0442\u043a\u0430 \u0434\u043d\u044f"",""link"":""/ru/disclosure/regulatory-news/b94d202513185eea08a3e3576e03dbb4/"",""pdf"":""https://storage.zds.zebra-group.ru/data/3/1/3f8e6a7884fe49d7c1ab0577e951c0c5.pdf""},{""date"":1547648100,""name"":""\u041f\u0440\u0438\u043e\u0431\u0440\u0435\u0442\u0435\u043d\u0438\u0435 \u043f\u043e\u0434\u043a\u043e\u043d\u0442\u0440\u043e\u043b\u044c\u043d\u043e\u0439 \u044d\u043c\u0438\u0442\u0435\u043d\u0442\u0443 \u043e\u0440\u0433\u0430\u043d\u0438\u0437\u0430\u0446\u0438\u0",2,9
MGNT,ПАО Магнит,https://www.magnit.com/ru/disclosure/regulatory-news/,https://storage.zds.zebra-group.ru/data/3/1/09e562359964918028c07ed601ba7630.pdf,"44b\u0445 \u0440\u0430\u0441\u043f\u0438\u0441\u043e\u043a \u043d\u0430 \u0430\u043a\u0446\u0438\u0438 \u044d\u043c\u0438\u0442\u0435\u043d\u0442\u0430"",""link"":""/ru/disclosure/regulatory-news/a471a5b57f1e8192ac92c19b41351cef/"",""pdf"":""https://storage.zds.zebra-group.ru/data/3/1/495405d5376ae8b30cf961aa815bd2dc.pdf""},{""date"":1540203900,""name"":""\u0421\u043e\u043e\u0431\u0449\u0435\u043d\u0438\u0435 \u043e \u043f\u043e\u0440\u044f\u0434\u043a\u0435 \u0434\u043e\u0441\u0442\u0443\u043f\u0430 \u043a \u0438\u043d\u0441\u0430\u0439\u0434\u0435\u0440\u0441\u043a\u043e\u0439 \u0438\u043d\u0444\u043e\u0440\u043c\u0430\u0446\u0438\u0438, \u0441\u043e\u0434\u0435\u0440\u0436\u0430\u0449\u0435\u0439\u0441\u044f \u0432 \u0434\u043e\u043a\u0443\u043c\u0435\u043d\u0442\u0435 \u044d\u043c\u0438\u0442\u0435\u043d\u0442\u0430"",""link"":""/ru/disclosure/regulatory-news/02c2300b3e9bf3059e28eceba46310f2/"",""pdf"":""https://storage.zds.zebra-group.ru/data/3/1/09e562359964918028c07ed601ba7630.pdf""},{""date"":1540202400,""name"":""\u0421\u0432\u0435\u0434\u0435\u043d\u0438\u044f, \u043e\u043a\u0430\u0437\u044b\u0432\u0430\u044e\u0449\u0438\u0435, \u043f\u043e \u043c\u043d\u0435\u043d\u0438\u044e \u044d\u043c\u0438\u0442\u0435\u043d\u0442\u0430, \u0441\u0443\u0449\u0435\u0441\u0442\u0432\u0435\u04",2,9
MGNT,ПАО Магнит,https://www.magnit.com/ru/disclosure/regulatory-news/,https://storage.zds.zebra-group.ru/data/3/1/8270476b1d71c64d43c5c46c55606c8d.pdf,"35\u043d\u0442\u0435 \u044d\u043c\u0438\u0442\u0435\u043d\u0442\u0430"",""link"":""/ru/disclosure/regulatory-news/02c2300b3e9bf3059e28eceba46310f2/"",""pdf"":""https://storage.zds.zebra-group.ru/data/3/1/09e562359964918028c07ed601ba7630.pdf""},{""date"":1540202400,""name"":""\u0421\u0432\u0435\u0434\u0435\u043d\u0438\u044f, \u043e\u043a\u0430\u0437\u044b\u0432\u0430\u044e\u0449\u0438\u0435, \u043f\u043e \u043c\u043d\u0435\u043d\u0438\u044e \u044d\u043c\u0438\u0442\u0435\u043d\u0442\u0430, \u0441\u0443\u0449\u0435\u0441\u0442\u0432\u0435\u043d\u043d\u043e\u0435 \u0432\u043b\u0438\u044f\u043d\u0438\u0435 \u043d\u0430 \u0441\u0442\u043e\u0438\u043c\u043e\u0441\u0442\u044c \u0435\u0433\u043e \u044d\u043c\u0438\u0441\u0441\u0438\u043e\u043d\u043d\u044b\u0445 \u0446\u0435\u043d\u043d\u044b\u0445 \u0431\u0443\u043c\u0430\u0433"",""link"":""/ru/disclosure/regulatory-news/6b5acfab9e4f5aad875ac7027b6cc872/"",""pdf"":""https://storage.zds.zebra-group.ru/data/3/1/8270476b1d71c64d43c5c46c55606c8d.pdf""},{""date"":1539961200,""name"":""\u041f\u0440\u0438\u043e\u0431\u0440\u0435\u0442\u0435\u043d\u0438\u0435 \u043f\u043e\u0434\u043a\u043e\u043d\u0442\u0440\u043e\u043b\u044c\u043d\u043e\u0439 \u044d\u043c\u0438\u0442\u0435\u043d\u0442\u0443 \u043e\u0440\u0433\u0430\u043d\u0438\u0437\u0430\u0446\u0438\u0",2,9
MGNT,ПАО Магнит,https://www.magnit.com/ru/disclosure/regulatory-news/,https://storage.zds.zebra-group.ru/data/3/1/dfefd07da7720227b33739604cbf47ba.pdf,"u0439 \u0438\u0434\u0435\u043d\u0442\u0438\u0444\u0438\u043a\u0430\u0446\u0438\u043e\u043d\u043d\u043e\u0433\u043e \u043d\u043e\u043c\u0435\u0440\u0430"",""link"":""/ru/disclosure/regulatory-news/3670cc8caba727a3315fb0812b0f905b/"",""pdf"":""https://storage.zds.zebra-group.ru/data/3/1/fb4ec229a0a1def7dc9341fe2b8b3c3b.pdf""},{""date"":1517334300,""name"":""\u0421\u043e\u043e\u0431\u0449\u0435\u043d\u0438\u0435 \u043e \u043f\u043e\u0440\u044f\u0434\u043a\u0435 \u0434\u043e\u0441\u0442\u0443\u043f\u0430 \u043a \u0438\u043d\u0441\u0430\u0439\u0434\u0435\u0440\u0441\u043a\u043e\u0439 \u0438\u043d\u0444\u043e\u0440\u043c\u0430\u0446\u0438\u0438, \u0441\u043e\u0434\u0435\u0440\u0436\u0430\u0449\u0435\u0439\u0441\u044f \u0432 \u0434\u043e\u043a\u0443\u043c\u0435\u043d\u0442\u0435 \u044d\u043c\u0438\u0442\u0435\u043d\u0442\u0430"",""link"":""/ru/disclosure/regulatory-news/15efdba3401a08dba19bc843d8303a68/"",""pdf"":""https://storage.zds.zebra-group.ru/data/3/1/dfefd07da7720227b33739604cbf47ba.pdf""},{""date"":1517305800,""name"":""\u0418\u0437\u043c\u0435\u043d\u0435\u043d\u0438\u0435 \u0440\u0430\u0437\u043c\u0435\u0440\u0430 \u0434\u043e\u043b\u0438 \u0443\u0447\u0430\u0441\u0442\u0438\u044f \u0447\u043b\u0435\u043d\u0430 \u043e\u0440\u0433\u0430\u043d\u0430 \u0443\u043f\u0440\u0430\u0432\u043b",2,9
MGNT,ПАО Магнит,https://www.magnit.com/ru/disclosure/regulatory-news/,https://storage.zds.zebra-group.ru/data/3/1/a26e29a888114a4e7cbaa072bdcbb719.pdf,"0440\u0436\u0430\u0449\u0435\u0439\u0441\u044f \u0432 \u0434\u043e\u043a\u0443\u043c\u0435\u043d\u0442\u0435 \u044d\u043c\u0438\u0442\u0435\u043d\u0442\u0430"",""link"":""/ru/disclosure/regulatory-news/15efdba3401a08dba19bc843d8303a68/"",""pdf"":""https://storage.zds.zebra-group.ru/data/3/1/dfefd07da7720227b33739604cbf47ba.pdf""},{""date"":1517305800,""name"":""\u0418\u0437\u043c\u0435\u043d\u0435\u043d\u0438\u0435 \u0440\u0430\u0437\u043c\u0435\u0440\u0430 \u0434\u043e\u043b\u0438 \u0443\u0447\u0430\u0441\u0442\u0438\u044f \u0447\u043b\u0435\u043d\u0430 \u043e\u0440\u0433\u0430\u043d\u0430 \u0443\u043f\u0440\u0430\u0432\u043b\u0435\u043d\u0438\u044f \u044d\u043c\u0438\u0442\u0435\u043d\u0442\u0430 \u0432 \u0435\u0433\u043e \u0443\u0441\u0442\u0430\u0432\u043d\u043e\u043c \u043a\u0430\u043f\u0438\u0442\u0430\u043b\u0435"",""link"":""/ru/disclosure/regulatory-news/da1de31064e04a597a2ab5b5179f0148/"",""pdf"":""https://storage.zds.zebra-group.ru/data/3/1/a26e29a888114a4e7cbaa072bdcbb719.pdf""},{""date"":1517305800,""name"":""\u041f\u0440\u0435\u0434\u0441\u0442\u0430\u0432\u043b\u0435\u043d\u0438\u0435 \u0432 \u0440\u0435\u0433\u0438\u0441\u0442\u0440\u0438\u0440\u0443\u044e\u0449\u0438\u0439 \u043e\u0440\u0433\u0430\u043d \u0443\u0432\u0435\u0434\u043e\u043c\u043b\u0435\u043d\u0438\u044f \",2,9
MGNT,ПАО Магнит,https://www.magnit.com/ru/disclosure/regulatory-news/,https://storage.zds.zebra-group.ru/data/3/1/f9b708c1f66e0b0a912022b39e0e7892.pdf,"5 \u0446\u0435\u043d\u043d\u044b\u0445 \u0431\u0443\u043c\u0430\u0433"",""link"":""/ru/disclosure/regulatory-news/6c4271f78c6e9bc33a3002ce39f51f21/"",""pdf"":""https://storage.zds.zebra-group.ru/data/3/1/22a3e3f144c76b585c9b0a04688757ba.pdf""},{""date"":1516960800,""name"":""\u0421\u0432\u0435\u0434\u0435\u043d\u0438\u044f, \u043e\u043a\u0430\u0437\u044b\u0432\u0430\u044e\u0449\u0438\u0435, \u043f\u043e \u043c\u043d\u0435\u043d\u0438\u044e \u044d\u043c\u0438\u0442\u0435\u043d\u0442\u0430, \u0441\u0443\u0449\u0435\u0441\u0442\u0432\u0435\u043d\u043d\u043e\u0435 \u0432\u043b\u0438\u044f\u043d\u0438\u0435 \u043d\u0430 \u0441\u0442\u043e\u0438\u043c\u043e\u0441\u0442\u044c \u0435\u0433\u043e \u044d\u043c\u0438\u0441\u0441\u0438\u043e\u043d\u043d\u044b\u0445 \u0446\u0435\u043d\u043d\u044b\u0445 \u0431\u0443\u043c\u0430\u0433"",""link"":""/ru/disclosure/regulatory-news/7131d6a4c84c24d72975afc82e752971/"",""pdf"":""https://storage.zds.zebra-group.ru/data/3/1/f9b708c1f66e0b0a912022b39e0e7892.pdf""},{""date"":1516184700,""name"":""\u0421\u043e\u043e\u0431\u0449\u0435\u043d\u0438\u0435 \u043e \u0434\u0430\u0442\u0435 \u043f\u0443\u0431\u043b\u0438\u043a\u0430\u0446\u0438\u0438 \u043d\u0435\u0430\u0443\u0434\u0438\u0440\u043e\u0432\u0430\u043d\u043d\u044b\u0445 \u0444\u0438\u043d\u0430\u043d\u0441\",2,9
MGNT,ПАО Магнит,https://www.magnit.com/ru/disclosure/regulatory-news/,https://storage.zds.zebra-group.ru/data/3/1/b25bc354f3c113dddf407913adb460bd.pdf,"\u0432\u043b\u0438\u044f\u043d\u0438\u0435 \u043d\u0430 \u0441\u0442\u043e\u0438\u043c\u043e\u0441\u0442\u044c \u0435\u0433\u043e \u044d\u043c\u0438\u0441\u0441\u0438\u043e\u043d\u043d\u044b\u0445 \u0446\u0435\u043d\u043d\u044b\u0445 \u0431\u0443\u043c\u0430\u0433"",""link"":""/ru/disclosure/regulatory-news/7131d6a4c84c24d72975afc82e752971/"",""pdf"":""https://storage.zds.zebra-group.ru/data/3/1/f9b708c1f66e0b0a912022b39e0e7892.pdf""},{""date"":1516184700,""name"":""\u0421\u043e\u043e\u0431\u0449\u0435\u043d\u0438\u0435 \u043e \u0434\u0430\u0442\u0435 \u043f\u0443\u0431\u043b\u0438\u043a\u0430\u0446\u0438\u0438 \u043d\u0435\u0430\u0443\u0434\u0438\u0440\u043e\u0432\u0430\u043d\u043d\u044b\u0445 \u0444\u0438\u043d\u0430\u043d\u0441\u043e\u0432\u044b\u0445 \u0440\u0435\u0437\u0443\u043b\u044c\u0442\u0430\u0442\u043e\u0432"",""link"":""/ru/disclosure/regulatory-news/67e97badc9d3df402edff7a6646afb1b/"",""pdf"":""https://storage.zds.zebra-group.ru/data/3/1/b25bc354f3c113dddf407913adb460bd.pdf""},{""date"":1516095840,""name"":""\u0417\u0430\u0432\u0435\u0440\u0448\u0435\u043d\u0438\u0435 \u0440\u0430\u0437\u043c\u0435\u0449\u0435\u043d\u0438\u044f \u0446\u0435\u043d\u043d\u044b\u0445 \u0431\u0443\u043c\u0430\u0433"",""link"":""/ru/disclosure/regulatory-news/442c34f13fa2d50e0e48a7226e470a3a/"",""pdf",2,9
MGNT,ПАО Магнит,https://www.magnit.com/ru/disclosure/regulatory-news/,https://storage.zds.zebra-group.ru/data/3/1/f446365330e24b83160e328255eea5b4.pdf,"ata/3/1/f9b708c1f66e0b0a912022b39e0e7892.pdf""},{""date"":1516184700,""name"":""\u0421\u043e\u043e\u0431\u0449\u0435\u043d\u0438\u0435 \u043e \u0434\u0430\u0442\u0435 \u043f\u0443\u0431\u043b\u0438\u043a\u0430\u0446\u0438\u0438 \u043d\u0435\u0430\u0443\u0434\u0438\u0440\u043e\u0432\u0430\u043d\u043d\u044b\u0445 \u0444\u0438\u043d\u0430\u043d\u0441\u043e\u0432\u044b\u0445 \u0440\u0435\u0437\u0443\u043b\u044c\u0442\u0430\u0442\u043e\u0432"",""link"":""/ru/disclosure/regulatory-news/67e97badc9d3df402edff7a6646afb1b/"",""pdf"":""https://storage.zds.zebra-group.ru/data/3/1/b25bc354f3c113dddf407913adb460bd.pdf""},{""date"":1516095840,""name"":""\u0417\u0430\u0432\u0435\u0440\u0448\u0435\u043d\u0438\u0435 \u0440\u0430\u0437\u043c\u0435\u0449\u0435\u043d\u0438\u044f \u0446\u0435\u043d\u043d\u044b\u0445 \u0431\u0443\u043c\u0430\u0433"",""link"":""/ru/disclosure/regulatory-news/442c34f13fa2d50e0e48a7226e470a3a/"",""pdf"":""https://storage.zds.zebra-group.ru/data/3/1/f446365330e24b83160e328255eea5b4.pdf""},{""date"":1515774420,""name"":""\u0421\u0432\u0435\u0434\u0435\u043d\u0438\u044f, \u043d\u0430\u043f\u0440\u0430\u0432\u043b\u0435\u043d\u043d\u044b\u0435 \u0437\u0430 \u043f\u0440\u0435\u0434\u0435\u043b\u044b \u0420\u0424 \u0434\u043b\u044f \u0438\u0445 \u0440\u0430\u0441\u043a\u0440\u044b\u0442\u04",2,9
MGNT,ПАО Магнит,https://www.magnit.com/ru/disclosure/regulatory-news/,https://storage.zds.zebra-group.ru/data/3/1/2023c9ad5cb96377012e3c1e53b3c5f7.pdf,"435 \u043e\u0431 \u0438\u0437\u043c\u0435\u043d\u0435\u043d\u0438\u0438 \u0438\u043b\u0438 \u043a\u043e\u0440\u0440\u0435\u043a\u0442\u0438\u0440\u043e\u0432\u043a\u0435 \u0438\u043d\u0444\u043e\u0440\u043c\u0430\u0446\u0438\u0438, \u0440\u0430\u043d\u0435\u0435 \u043e\u043f\u0443\u0431\u043b\u0438\u043a\u043e\u0432\u0430\u043d\u043d\u043e\u0439 \u0432 \u041b\u0435\u043d\u0442\u0435 \u043d\u043e\u0432\u043e\u0441\u0442\u0435\u0439"",""link"":""/ru/disclosure/regulatory-news/46d61904e78b1b5e64a2963cf4f9ed0b/"",""pdf"":""https://storage.zds.zebra-group.ru/data/3/1/7f1cd4555ab5af3a58027cfac52e5361.pdf""},{""date"":1467365700,""name"":""\u0414\u0430\u0442\u0430 \u043d\u0430\u0447\u0430\u043b\u0430 \u0440\u0430\u0437\u043c\u0435\u0449\u0435\u043d\u0438\u044f \u0446\u0435\u043d\u043d\u044b\u0445 \u0431\u0443\u043c\u0430\u0433"",""link"":""/ru/disclosure/regulatory-news/ba6a41626709aaa9a4c7a554b07af957/"",""pdf"":""https://storage.zds.zebra-group.ru/data/3/1/2023c9ad5cb96377012e3c1e53b3c5f7.pdf""},{""date"":1467309360,""name"":""\u0421\u043e\u043e\u0431\u0449\u0435\u043d\u0438\u0435 \u043e \u043f\u043e\u0440\u044f\u0434\u043a\u0435 \u0434\u043e\u0441\u0442\u0443\u043f\u0430 \u043a \u0438\u043d\u0441\u0430\u0439\u0434\u0435\u0440\u0441\u043a\u043e\u0439 \u0438\u043d\u0444\u043e\u0440\u043c\u0430",2,9
MGNT,ПАО Магнит,https://www.magnit.com/ru/disclosure/regulatory-news/,https://storage.zds.zebra-group.ru/data/3/1/f18131216ea522d35dc0e93158dc6fdc.pdf,"0447\u0430\u043b\u0430 \u0440\u0430\u0437\u043c\u0435\u0449\u0435\u043d\u0438\u044f \u0446\u0435\u043d\u043d\u044b\u0445 \u0431\u0443\u043c\u0430\u0433"",""link"":""/ru/disclosure/regulatory-news/ba6a41626709aaa9a4c7a554b07af957/"",""pdf"":""https://storage.zds.zebra-group.ru/data/3/1/2023c9ad5cb96377012e3c1e53b3c5f7.pdf""},{""date"":1467309360,""name"":""\u0421\u043e\u043e\u0431\u0449\u0435\u043d\u0438\u0435 \u043e \u043f\u043e\u0440\u044f\u0434\u043a\u0435 \u0434\u043e\u0441\u0442\u0443\u043f\u0430 \u043a \u0438\u043d\u0441\u0430\u0439\u0434\u0435\u0440\u0441\u043a\u043e\u0439 \u0438\u043d\u0444\u043e\u0440\u043c\u0430\u0446\u0438\u0438, \u0441\u043e\u0434\u0435\u0440\u0436\u0430\u0449\u0435\u0439\u0441\u044f \u0432 \u0434\u043e\u043a\u0443\u043c\u0435\u043d\u0442\u0435 \u044d\u043c\u0438\u0442\u0435\u043d\u0442\u0430"",""link"":""/ru/disclosure/regulatory-news/2bbcd1406e6dbab733e12c2d248bb741/"",""pdf"":""https://storage.zds.zebra-group.ru/data/3/1/f18131216ea522d35dc0e93158dc6fdc.pdf""},{""date"":1467307620,""name"":""\u0412\u043a\u043b\u044e\u0447\u0435\u043d\u0438\u0435 \u044d\u043c\u0438\u0441\u0441\u0438\u043e\u043d\u043d\u044b\u0445 \u0446\u0435\u043d\u043d\u044b\u0445 \u0431\u0443\u043c\u0430\u0433 \u044d\u043c\u0438\u0442\u0435\u043d\u0442\u0430 \u0432 \u0441\u043f\u0438\u0441",2,9
MGNT,ПАО Магнит,https://www.magnit.com/ru/disclosure/regulatory-news/,https://storage.zds.zebra-group.ru/data/3/1/b1149b06df5db835fb3c09fb4a3634f7.pdf,"\u043f\u043e \u044d\u043c\u0438\u0441\u0441\u0438\u043e\u043d\u043d\u044b\u043c \u0446\u0435\u043d\u043d\u044b\u043c \u0431\u0443\u043c\u0430\u0433\u0430\u043c \u044d\u043c\u0438\u0442\u0435\u043d\u0442\u0430"",""link"":""/ru/disclosure/regulatory-news/a6ada13bbba76cf18e588f7098381a72/"",""pdf"":""https://storage.zds.zebra-group.ru/data/3/1/ea439db55e4988a1866f8b0b3e9eaf4b.pdf""},{""date"":1447264260,""name"":""\u0421\u043e\u0432\u0435\u0440\u0448\u0435\u043d\u0438\u0435 \u044d\u043c\u0438\u0442\u0435\u043d\u0442\u043e\u043c \u0441\u0434\u0435\u043b\u043a\u0438, \u0432 \u0441\u043e\u0432\u0435\u0440\u0448\u0435\u043d\u0438\u0438 \u043a\u043e\u0442\u043e\u0440\u043e\u0439 \u0438\u043c\u0435\u0435\u0442\u0441\u044f \u0437\u0430\u0438\u043d\u0442\u0435\u0440\u0435\u0441\u043e\u0432\u0430\u043d\u043d\u043e\u0441\u0442\u044c"",""link"":""/ru/disclosure/regulatory-news/cbcc03e3330a1bfc33e20225a249ad71/"",""pdf"":""https://storage.zds.zebra-group.ru/data/3/1/b1149b06df5db835fb3c09fb4a3634f7.pdf""},{""date"":1447264080,""name"":""\u0417\u0430\u0432\u0435\u0440\u0448\u0435\u043d\u0438\u0435 \u0440\u0430\u0437\u043c\u0435\u0449\u0435\u043d\u0438\u044f \u0446\u0435\u043d\u043d\u044b\u0445 \u0431\u0443\u043c\u0430\u0433"",""link"":""/ru/disclosure/regulatory-news/eb5d3d36984be2e9e7687af56888676c/"",""pdf",2,9
MGNT,ПАО Магнит,https://www.magnit.com/ru/disclosure/regulatory-news/,https://storage.zds.zebra-group.ru/data/3/1/9734523506cbf7c3539109fee966e804.pdf,"447264260,""name"":""\u0421\u043e\u0432\u0435\u0440\u0448\u0435\u043d\u0438\u0435 \u044d\u043c\u0438\u0442\u0435\u043d\u0442\u043e\u043c \u0441\u0434\u0435\u043b\u043a\u0438, \u0432 \u0441\u043e\u0432\u0435\u0440\u0448\u0435\u043d\u0438\u0438 \u043a\u043e\u0442\u043e\u0440\u043e\u0439 \u0438\u043c\u0435\u0435\u0442\u0441\u044f \u0437\u0430\u0438\u043d\u0442\u0435\u0440\u0435\u0441\u043e\u0432\u0430\u043d\u043d\u043e\u0441\u0442\u044c"",""link"":""/ru/disclosure/regulatory-news/cbcc03e3330a1bfc33e20225a249ad71/"",""pdf"":""https://storage.zds.zebra-group.ru/data/3/1/b1149b06df5db835fb3c09fb4a3634f7.pdf""},{""date"":1447264080,""name"":""\u0417\u0430\u0432\u0435\u0440\u0448\u0435\u043d\u0438\u0435 \u0440\u0430\u0437\u043c\u0435\u0449\u0435\u043d\u0438\u044f \u0446\u0435\u043d\u043d\u044b\u0445 \u0431\u0443\u043c\u0430\u0433"",""link"":""/ru/disclosure/regulatory-news/eb5d3d36984be2e9e7687af56888676c/"",""pdf"":""https://storage.zds.zebra-group.ru/data/3/1/9734523506cbf7c3539109fee966e804.pdf""},{""date"":1447171980,""name"":""\u041e\u0442\u0447\u0443\u0436\u0434\u0435\u043d\u0438\u0435 \u043f\u043e\u0434\u043a\u043e\u043d\u0442\u0440\u043e\u043b\u044c\u043d\u043e\u0439 \u044d\u043c\u0438\u0442\u0435\u043d\u0442\u0443 \u043e\u0440\u0433\u0430\u043d\u0438\u0437\u0430\u0446\u0438\u0435\u0439 \u",2,9
MGNT,ПАО Магнит,https://www.magnit.com/ru/disclosure/regulatory-news/,https://storage.zds.zebra-group.ru/data/3/1/55ef3084d03043d657665c420ce6a331.pdf,"ure/regulatory-news/4c052657ae826fa89375edbef983db3a/"",""pdf"":""https://storage.zds.zebra-group.ru/data/3/1/7a3cb3f2a58be29a5a474a19e3f4d497.pdf""},{""date"":1445247000,""name"":""\u0412\u043a\u043b\u044e\u0447\u0435\u043d\u0438\u0435 \u044d\u043c\u0438\u0441\u0441\u0438\u043e\u043d\u043d\u044b\u0445 \u0446\u0435\u043d\u043d\u044b\u0445 \u0431\u0443\u043c\u0430\u0433 \u044d\u043c\u0438\u0442\u0435\u043d\u0442\u0430 \u0432 \u0441\u043f\u0438\u0441\u043e\u043a \u0446\u0435\u043d\u043d\u044b\u0445 \u0431\u0443\u043c\u0430\u0433, \u0434\u043e\u043f\u0443\u0449\u0435\u043d\u043d\u044b\u0445 \u043a \u0442\u043e\u0440\u0433\u0430\u043c \u0440\u043e\u0441\u0441\u0438\u0439\u0441\u043a\u0438\u043c \u043e\u0440\u0433\u0430\u043d\u0438\u0437\u0430\u0442\u043e\u0440\u043e\u043c \u0442\u043e\u0440\u0433\u043e\u0432\u043b\u0438"",""link"":""/ru/disclosure/regulatory-news/1823e421dc13c62f092023d8895338ac/"",""pdf"":""https://storage.zds.zebra-group.ru/data/3/1/55ef3084d03043d657665c420ce6a331.pdf""},{""date"":1444831380,""name"":""\u0418\u0437\u043c\u0435\u043d\u0435\u043d\u0438\u0435 \u0440\u0430\u0437\u043c\u0435\u0440\u0430 \u0434\u043e\u043b\u0438 \u0443\u0447\u0430\u0441\u0442\u0438\u044f \u0447\u043b\u0435\u043d\u0430 \u043e\u0440\u0433\u0430\u043d\u0430 \u0443\u043f\u0440\u0430\u0432\u043b",2,9
MGNT,ПАО Магнит,https://www.magnit.com/ru/disclosure/regulatory-news/,https://storage.zds.zebra-group.ru/data/3/1/1d623f326c5204427dff497e1160fa78.pdf,"u0439\u0441\u043a\u0438\u043c \u043e\u0440\u0433\u0430\u043d\u0438\u0437\u0430\u0442\u043e\u0440\u043e\u043c \u0442\u043e\u0440\u0433\u043e\u0432\u043b\u0438"",""link"":""/ru/disclosure/regulatory-news/1823e421dc13c62f092023d8895338ac/"",""pdf"":""https://storage.zds.zebra-group.ru/data/3/1/55ef3084d03043d657665c420ce6a331.pdf""},{""date"":1444831380,""name"":""\u0418\u0437\u043c\u0435\u043d\u0435\u043d\u0438\u0435 \u0440\u0430\u0437\u043c\u0435\u0440\u0430 \u0434\u043e\u043b\u0438 \u0443\u0447\u0430\u0441\u0442\u0438\u044f \u0447\u043b\u0435\u043d\u0430 \u043e\u0440\u0433\u0430\u043d\u0430 \u0443\u043f\u0440\u0430\u0432\u043b\u0435\u043d\u0438\u044f \u044d\u043c\u0438\u0442\u0435\u043d\u0442\u0430 \u0432 \u0435\u0433\u043e \u0443\u0441\u0442\u0430\u0432\u043d\u043e\u043c \u043a\u0430\u043f\u0438\u0442\u0430\u043b\u0435"",""link"":""/ru/disclosure/regulatory-news/33d7c4da4d19b957d08009a6aa4ae801/"",""pdf"":""https://storage.zds.zebra-group.ru/data/3/1/1d623f326c5204427dff497e1160fa78.pdf""},{""date"":1444753500,""name"":""\u041f\u0440\u0438\u043e\u0431\u0440\u0435\u0442\u0435\u043d\u0438\u0435 \u043f\u043e\u0434\u043a\u043e\u043d\u0442\u0440\u043e\u043b\u044c\u043d\u043e\u0439 \u044d\u043c\u0438\u0442\u0435\u043d\u0442\u0443 \u043e\u0440\u0433\u0430\u043d\u0438\u0437\u0430\u0446\u0438\u0",2,9
MGNT,ПАО Магнит,https://www.magnit.com/ru/disclosure/regulatory-news/,https://storage.zds.zebra-group.ru/data/3/1/a60f938243ed4af38c9ffb542023a402.pdf,"6cbcdd0c30/"",""pdf"":""https://storage.zds.zebra-group.ru/data/3/1/5f4a63b2b5fb7a9b1fd2f623f32bdc3b.pdf""},{""date"":1387206600,""name"":""\u041f\u0440\u0438\u043e\u0431\u0440\u0435\u0442\u0435\u043d\u0438\u0435 \u043f\u043e\u0434\u043a\u043e\u043d\u0442\u0440\u043e\u043b\u044c\u043d\u043e\u0439 \u044d\u043c\u0438\u0442\u0435\u043d\u0442\u0443 \u043e\u0440\u0433\u0430\u043d\u0438\u0437\u0430\u0446\u0438\u0435\u0439 \u0433\u043e\u043b\u043e\u0441\u0443\u044e\u0449\u0438\u0445 \u0430\u043a\u0446\u0438\u0439 (\u0434\u043e\u043b\u0435\u0439) \u044d\u043c\u0438\u0442\u0435\u043d\u0442\u0430 \u0438\u043b\u0438 \u0434\u0435\u043f\u043e\u0437\u0438\u0442\u0430\u0440\u043d\u044b\u0445 \u0440\u0430\u0441\u043f\u0438\u0441\u043e\u043a \u043d\u0430 \u0430\u043a\u0446\u0438\u0438 \u044d\u043c\u0438\u0442\u0435\u043d\u0442\u0430"",""link"":""/ru/disclosure/regulatory-news/12e08c37afbf20641de825e1db67202d/"",""pdf"":""https://storage.zds.zebra-group.ru/data/3/1/a60f938243ed4af38c9ffb542023a402.pdf""},{""date"":1387206600,""name"":""\u041e\u0442\u0447\u0443\u0436\u0434\u0435\u043d\u0438\u0435 \u043f\u043e\u0434\u043a\u043e\u043d\u0442\u0440\u043e\u043b\u044c\u043d\u043e\u0439 \u044d\u043c\u0438\u0442\u0435\u043d\u0442\u0443 \u043e\u0440\u0433\u0430\u043d\u0438\u0437\u0430\u0446\u0438\u0435\u0439 \u",2,9
MGNT,ПАО Магнит,https://www.magnit.com/ru/disclosure/regulatory-news/,https://storage.zds.zebra-group.ru/data/3/1/dca80d89f05fbc7ea757cb814ffc9927.pdf,"bf20641de825e1db67202d/"",""pdf"":""https://storage.zds.zebra-group.ru/data/3/1/a60f938243ed4af38c9ffb542023a402.pdf""},{""date"":1387206600,""name"":""\u041e\u0442\u0447\u0443\u0436\u0434\u0435\u043d\u0438\u0435 \u043f\u043e\u0434\u043a\u043e\u043d\u0442\u0440\u043e\u043b\u044c\u043d\u043e\u0439 \u044d\u043c\u0438\u0442\u0435\u043d\u0442\u0443 \u043e\u0440\u0433\u0430\u043d\u0438\u0437\u0430\u0446\u0438\u0435\u0439 \u0433\u043e\u043b\u043e\u0441\u0443\u044e\u0449\u0438\u0445 \u0430\u043a\u0446\u0438\u0439 (\u0434\u043e\u043b\u0435\u0439) \u044d\u043c\u0438\u0442\u0435\u043d\u0442\u0430 \u0438\u043b\u0438 \u0434\u0435\u043f\u043e\u0437\u0438\u0442\u0430\u0440\u043d\u044b\u0445 \u0440\u0430\u0441\u043f\u0438\u0441\u043e\u043a \u043d\u0430 \u0430\u043a\u0446\u0438\u0438 \u044d\u043c\u0438\u0442\u0435\u043d\u0442\u0430"",""link"":""/ru/disclosure/regulatory-news/a0c29129d0b38a0da73dd459addb67fa/"",""pdf"":""https://storage.zds.zebra-group.ru/data/3/1/dca80d89f05fbc7ea757cb814ffc9927.pdf""},{""date"":1386952920,""name"":""\u041e\u0442\u0447\u0443\u0436\u0434\u0435\u043d\u0438\u0435 \u043f\u043e\u0434\u043a\u043e\u043d\u0442\u0440\u043e\u043b\u044c\u043d\u043e\u0439 \u044d\u043c\u0438\u0442\u0435\u043d\u0442\u0443 \u043e\u0440\u0433\u0430\u043d\u0438\u0437\u0430\u0446\u0438\u0435\u0439 \u",2,9
MGNT,ПАО Магнит,https://www.magnit.com/ru/disclosure/regulatory-news/,https://storage.zds.zebra-group.ru/data/3/1/7520242b5c4fe59b020a56b52fdfb435.pdf,"441\u0435\u0442\u0438 \u0418\u043d\u0442\u0435\u0440\u043d\u0435\u0442 \u0441\u043f\u0438\u0441\u043a\u0430 \u0430\u0444\u0444\u0438\u043b\u0438\u0440\u043e\u0432\u0430\u043d\u043d\u044b\u0445 \u043b\u0438\u0446"",""link"":""/ru/disclosure/regulatory-news/4a758750581b16305fadc59544e65083/"",""pdf"":""https://storage.zds.zebra-group.ru/data/3/1/d6dddffe0505d0c94c3402877a6a87dd.pdf""}],""2012"":[{""date"":1356774300,""name"":""\u0413\u043e\u0441\u0443\u0434\u0430\u0440\u0441\u0442\u0432\u0435\u043d\u043d\u0430\u044f \u0440\u0435\u0433\u0438\u0441\u0442\u0440\u0430\u0446\u0438\u044f \u0432\u044b\u043f\u0443\u0441\u043a\u0430 (\u0434\u043e\u043f\u043e\u043b\u043d\u0438\u0442\u0435\u043b\u044c\u043d\u043e\u0433\u043e \u0432\u044b\u043f\u0443\u0441\u043a\u0430) \u0446\u0435\u043d\u043d\u044b\u0445 \u0431\u0443\u043c\u0430\u0433"",""link"":""/ru/disclosure/regulatory-news/3bef28e9b6409f7d321b73b9e163c5b5/"",""pdf"":""https://storage.zds.zebra-group.ru/data/3/1/7520242b5c4fe59b020a56b52fdfb435.pdf""},{""date"":1356774000,""name"":""\u0413\u043e\u0441\u0443\u0434\u0430\u0440\u0441\u0442\u0432\u0435\u043d\u043d\u0430\u044f \u0440\u0435\u0433\u0438\u0441\u0442\u0440\u0430\u0446\u0438\u044f \u0432\u044b\u043f\u0443\u0441\u043a\u0430 (\u0434\u043e\u043f\u043e\u043b\u043d\u0438\u0442\u0435\u043b\u044c\u",2,9
MGNT,ПАО Магнит,https://www.magnit.com/ru/disclosure/regulatory-news/,https://storage.zds.zebra-group.ru/data/3/1/e144b3f6e3478f2038804240e8019df8.pdf,"0441\u043a\u0430 (\u0434\u043e\u043f\u043e\u043b\u043d\u0438\u0442\u0435\u043b\u044c\u043d\u043e\u0433\u043e \u0432\u044b\u043f\u0443\u0441\u043a\u0430) \u0446\u0435\u043d\u043d\u044b\u0445 \u0431\u0443\u043c\u0430\u0433"",""link"":""/ru/disclosure/regulatory-news/3bef28e9b6409f7d321b73b9e163c5b5/"",""pdf"":""https://storage.zds.zebra-group.ru/data/3/1/7520242b5c4fe59b020a56b52fdfb435.pdf""},{""date"":1356774000,""name"":""\u0413\u043e\u0441\u0443\u0434\u0430\u0440\u0441\u0442\u0432\u0435\u043d\u043d\u0430\u044f \u0440\u0435\u0433\u0438\u0441\u0442\u0440\u0430\u0446\u0438\u044f \u0432\u044b\u043f\u0443\u0441\u043a\u0430 (\u0434\u043e\u043f\u043e\u043b\u043d\u0438\u0442\u0435\u043b\u044c\u043d\u043e\u0433\u043e \u0432\u044b\u043f\u0443\u0441\u043a\u0430) \u0446\u0435\u043d\u043d\u044b\u0445 \u0431\u0443\u043c\u0430\u0433"",""link"":""/ru/disclosure/regulatory-news/077088a7e653b4f8e3dcc0369e1ea94f/"",""pdf"":""https://storage.zds.zebra-group.ru/data/3/1/e144b3f6e3478f2038804240e8019df8.pdf""},{""date"":1356773820,""name"":""\u0413\u043e\u0441\u0443\u0434\u0430\u0440\u0441\u0442\u0432\u0435\u043d\u043d\u0430\u044f \u0440\u0435\u0433\u0438\u0441\u0442\u0440\u0430\u0446\u0438\u044f \u0432\u044b\u043f\u0443\u0441\u043a\u0430 (\u0434\u043e\u043f\u043e\u043b\u043d\u0438\u0442\u0435\u043b\u044c\u",2,9
MGNT,ПАО Магнит,https://www.magnit.com/ru/disclosure/regulatory-news/,https://storage.zds.zebra-group.ru/data/3/1/f66c7b1d036407e9ca90958a73842ab0.pdf,"3d\u0438\u044f \u044d\u043c\u0438\u0442\u0435\u043d\u0442\u0430 \u0432 \u0435\u0433\u043e \u0443\u0441\u0442\u0430\u0432\u043d\u043e\u043c \u043a\u0430\u043f\u0438\u0442\u0430\u043b\u0435"",""link"":""/ru/disclosure/regulatory-news/d36964095f04b790d42b256948bd7717/"",""pdf"":""https://storage.zds.zebra-group.ru/data/3/1/b7fe9536b85656cd8e7bf02174d4a1ff.pdf""},{""date"":1334339040,""name"":""\u041f\u0440\u043e\u0432\u0435\u0434\u0435\u043d\u0438\u0435 \u0437\u0430\u0441\u0435\u0434\u0430\u043d\u0438\u044f \u0441\u043e\u0432\u0435\u0442\u0430 \u0434\u0438\u0440\u0435\u043a\u0442\u043e\u0440\u043e\u0432 (\u043d\u0430\u0431\u043b\u044e\u0434\u0430\u0442\u0435\u043b\u044c\u043d\u043e\u0433\u043e \u0441\u043e\u0432\u0435\u0442\u0430) \u0438 \u0435\u0433\u043e \u043f\u043e\u0432\u0435\u0441\u0442\u043a\u0430 \u0434\u043d\u044f"",""link"":""/ru/disclosure/regulatory-news/7ad1e33e6eab50529fac1ba7620237af/"",""pdf"":""https://storage.zds.zebra-group.ru/data/3/1/f66c7b1d036407e9ca90958a73842ab0.pdf""},{""date"":1334309820,""name"":""\u0420\u0435\u0448\u0435\u043d\u0438\u044f \u0441\u043e\u0432\u0435\u0442\u0430 \u0434\u0438\u0440\u0435\u043a\u0442\u043e\u0440\u043e\u0432 (\u043d\u0430\u0431\u043b\u044e\u0434\u0430\u0442\u0435\u043b\u044c\u043d\u043e\u0433\u043e \u0441\u043e\u0432\u0435\u0442\u0430)",2,9
MGNT,ПАО Магнит,https://www.magnit.com/ru/disclosure/regulatory-news/,https://storage.zds.zebra-group.ru/data/3/1/b33459d074da37fc235ff46491645ae4.pdf,"35\u0434\u0430\u043d\u0438\u044f \u0441\u043e\u0432\u0435\u0442\u0430 \u0434\u0438\u0440\u0435\u043a\u0442\u043e\u0440\u043e\u0432 (\u043d\u0430\u0431\u043b\u044e\u0434\u0430\u0442\u0435\u043b\u044c\u043d\u043e\u0433\u043e \u0441\u043e\u0432\u0435\u0442\u0430) \u0438 \u0435\u0433\u043e \u043f\u043e\u0432\u0435\u0441\u0442\u043a\u0430 \u0434\u043d\u044f"",""link"":""/ru/disclosure/regulatory-news/7ad1e33e6eab50529fac1ba7620237af/"",""pdf"":""https://storage.zds.zebra-group.ru/data/3/1/f66c7b1d036407e9ca90958a73842ab0.pdf""},{""date"":1334309820,""name"":""\u0420\u0435\u0448\u0435\u043d\u0438\u044f \u0441\u043e\u0432\u0435\u0442\u0430 \u0434\u0438\u0440\u0435\u043a\u0442\u043e\u0440\u043e\u0432 (\u043d\u0430\u0431\u043b\u044e\u0434\u0430\u0442\u0435\u043b\u044c\u043d\u043e\u0433\u043e \u0441\u043e\u0432\u0435\u0442\u0430)"",""link"":""/ru/disclosure/regulatory-news/4bfb1f2999c2350d50522b2fed18b49b/"",""pdf"":""https://storage.zds.zebra-group.ru/data/3/1/b33459d074da37fc235ff46491645ae4.pdf""},{""date"":1334079960,""name"":""\u041f\u0440\u043e\u0432\u0435\u0434\u0435\u043d\u0438\u0435 \u0437\u0430\u0441\u0435\u0434\u0430\u043d\u0438\u044f \u0441\u043e\u0432\u0435\u0442\u0430 \u0434\u0438\u0440\u0435\u043a\u0442\u043e\u0440\u043e\u0432 (\u043d\u0430\u0431\u043b\u044e\u0434\u0430\u0442\u0435\",2,9
MGNT,ПАО Магнит,https://www.magnit.com/ru/disclosure/regulatory-news/,https://storage.zds.zebra-group.ru/data/3/1/ca2ba37c8a776f7b5a560caf20ad4537.pdf,"ure/regulatory-news/c770ff3f649a4d309da8086f5699467c/"",""pdf"":""https://storage.zds.zebra-group.ru/data/3/1/9644a25f83e503cba5b2e6d28df22d59.pdf""},{""date"":1313056080,""name"":""\u0412\u043a\u043b\u044e\u0447\u0435\u043d\u0438\u0435 \u044d\u043c\u0438\u0441\u0441\u0438\u043e\u043d\u043d\u044b\u0445 \u0446\u0435\u043d\u043d\u044b\u0445 \u0431\u0443\u043c\u0430\u0433 \u044d\u043c\u0438\u0442\u0435\u043d\u0442\u0430 \u0432 \u0441\u043f\u0438\u0441\u043e\u043a \u0446\u0435\u043d\u043d\u044b\u0445 \u0431\u0443\u043c\u0430\u0433, \u0434\u043e\u043f\u0443\u0449\u0435\u043d\u043d\u044b\u0445 \u043a \u0442\u043e\u0440\u0433\u0430\u043c \u0440\u043e\u0441\u0441\u0438\u0439\u0441\u043a\u0438\u043c \u043e\u0440\u0433\u0430\u043d\u0438\u0437\u0430\u0442\u043e\u0440\u043e\u043c \u0442\u043e\u0440\u0433\u043e\u0432\u043b\u0438"",""link"":""/ru/disclosure/regulatory-news/989006dd7697d4a452023b024d39a3fe/"",""pdf"":""https://storage.zds.zebra-group.ru/data/3/1/ca2ba37c8a776f7b5a560caf20ad4537.pdf""},{""date"":1313055840,""name"":""\u0412\u043a\u043b\u044e\u0447\u0435\u043d\u0438\u0435 \u044d\u043c\u0438\u0441\u0441\u0438\u043e\u043d\u043d\u044b\u0445 \u0446\u0435\u043d\u043d\u044b\u0445 \u0431\u0443\u043c\u0430\u0433 \u044d\u043c\u0438\u0442\u0435\u043d\u0442\u0430 \u0432 \u0441\u043f\u0438\u0441",2,9
MGNT,ПАО Магнит,https://www.magnit.com/ru/disclosure/regulatory-news/,https://storage.zds.zebra-group.ru/data/3/1/0773adac2a12b4b722b6cbb3827376d9.pdf,"ure/regulatory-news/989006dd7697d4a452023b024d39a3fe/"",""pdf"":""https://storage.zds.zebra-group.ru/data/3/1/ca2ba37c8a776f7b5a560caf20ad4537.pdf""},{""date"":1313055840,""name"":""\u0412\u043a\u043b\u044e\u0447\u0435\u043d\u0438\u0435 \u044d\u043c\u0438\u0441\u0441\u0438\u043e\u043d\u043d\u044b\u0445 \u0446\u0435\u043d\u043d\u044b\u0445 \u0431\u0443\u043c\u0430\u0433 \u044d\u043c\u0438\u0442\u0435\u043d\u0442\u0430 \u0432 \u0441\u043f\u0438\u0441\u043e\u043a \u0446\u0435\u043d\u043d\u044b\u0445 \u0431\u0443\u043c\u0430\u0433, \u0434\u043e\u043f\u0443\u0449\u0435\u043d\u043d\u044b\u0445 \u043a \u0442\u043e\u0440\u0433\u0430\u043c \u0440\u043e\u0441\u0441\u0438\u0439\u0441\u043a\u0438\u043c \u043e\u0440\u0433\u0430\u043d\u0438\u0437\u0430\u0442\u043e\u0440\u043e\u043c \u0442\u043e\u0440\u0433\u043e\u0432\u043b\u0438"",""link"":""/ru/disclosure/regulatory-news/b511dbe7bbf7c3cf3f1fecf05060bee9/"",""pdf"":""https://storage.zds.zebra-group.ru/data/3/1/0773adac2a12b4b722b6cbb3827376d9.pdf""},{""date"":1313055720,""name"":""\u0412\u043a\u043b\u044e\u0447\u0435\u043d\u0438\u0435 \u044d\u043c\u0438\u0441\u0441\u0438\u043e\u043d\u043d\u044b\u0445 \u0446\u0435\u043d\u043d\u044b\u0445 \u0431\u0443\u043c\u0430\u0433 \u044d\u043c\u0438\u0442\u0435\u043d\u0442\u0430 \u0432 \u0441\u043f\u0438\u0441",2,9
MGNT,ПАО Магнит,https://www.magnit.com/ru/disclosure/regulatory-news/,https://storage.zds.zebra-group.ru/data/3/1/aa5426ec11422dfe965070d3a00b1543.pdf,"b\u0445 \u0431\u0443\u043c\u0430\u0433, \u0438\u043b\u0438 \u0438\u0441\u043a\u043b\u044e\u0447\u0435\u043d\u0438\u0435 \u0438\u0437 \u0434\u0430\u043d\u043d\u043e\u0433\u043e \u0441\u043f\u0438\u0441\u043a\u0430"",""link"":""/ru/disclosure/regulatory-news/41ecccb4f53a1804b21fb78b2ebeac97/"",""pdf"":""https://storage.zds.zebra-group.ru/data/3/1/d78ecb8efd7889d2cba1e296cbc1ea4b.pdf""},{""date"":1298638320,""name"":""\u0418\u043d\u0430\u044f \u0438\u043d\u0444\u043e\u0440\u043c\u0430\u0446\u0438\u044f, \u043a\u043e\u0442\u043e\u0440\u0430\u044f \u043c\u043e\u0436\u0435\u0442 \u0441\u0443\u0449\u0435\u0441\u0442\u0432\u0435\u043d\u043d\u043e \u043f\u043e\u0432\u043b\u0438\u044f\u0442\u044c \u043d\u0430 \u0441\u0442\u043e\u0438\u043c\u043e\u0441\u0442\u044c \u0446\u0435\u043d\u043d\u044b\u0445 \u0431\u0443\u043c\u0430\u0433"",""link"":""/ru/disclosure/regulatory-news/f62b32ca0c7aa5cce1cf9596202380fb/"",""pdf"":""https://storage.zds.zebra-group.ru/data/3/1/aa5426ec11422dfe965070d3a00b1543.pdf""},{""date"":1298638020,""name"":""\u041d\u0430\u0447\u0430\u043b\u043e \u0440\u0430\u0437\u043c\u0435\u0449\u0435\u043d\u0438\u044f \u044d\u043c\u0438\u0441\u0441\u0438\u043e\u043d\u043d\u044b\u0445 \u0446\u0435\u043d\u043d\u044b\u0445 \u0431\u0443\u043c\u0430\u0433"",""link"":""/ru/disclosure/regulatory-ne",2,9
MGNT,ПАО Магнит,https://www.magnit.com/ru/disclosure/regulatory-news/,https://storage.zds.zebra-group.ru/data/3/1/7b451a9f1c17e7c4db6fed2ccdcd07b1.pdf,"044f \u0438\u043d\u0444\u043e\u0440\u043c\u0430\u0446\u0438\u044f, \u043a\u043e\u0442\u043e\u0440\u0430\u044f \u043c\u043e\u0436\u0435\u0442 \u0441\u0443\u0449\u0435\u0441\u0442\u0432\u0435\u043d\u043d\u043e \u043f\u043e\u0432\u043b\u0438\u044f\u0442\u044c \u043d\u0430 \u0441\u0442\u043e\u0438\u043c\u043e\u0441\u0442\u044c \u0446\u0435\u043d\u043d\u044b\u0445 \u0431\u0443\u043c\u0430\u0433"",""link"":""/ru/disclosure/regulatory-news/f62b32ca0c7aa5cce1cf9596202380fb/"",""pdf"":""https://storage.zds.zebra-group.ru/data/3/1/aa5426ec11422dfe965070d3a00b1543.pdf""},{""date"":1298638020,""name"":""\u041d\u0430\u0447\u0430\u043b\u043e \u0440\u0430\u0437\u043c\u0435\u0449\u0435\u043d\u0438\u044f \u044d\u043c\u0438\u0441\u0441\u0438\u043e\u043d\u043d\u044b\u0445 \u0446\u0435\u043d\u043d\u044b\u0445 \u0431\u0443\u043c\u0430\u0433"",""link"":""/ru/disclosure/regulatory-news/f3cfd67d2f8c285603cd00eeedaee50e/"",""pdf"":""https://storage.zds.zebra-group.ru/data/3/1/7b451a9f1c17e7c4db6fed2ccdcd07b1.pdf""},{""date"":1297958700,""name"":""\u0421\u043e\u043e\u0431\u0449\u0435\u043d\u0438\u0435 \u043e\u0431 \u043e\u043f\u0440\u043e\u0432\u0435\u0440\u0436\u0435\u043d\u0438\u0438 \u0438\u043b\u0438 \u043a\u043e\u0440\u0440\u0435\u043a\u0442\u0438\u0440\u043e\u0432\u043a\u0435 \u0438\u043d\u0444\u043e\u0440\",2,9
MGNT,ПАО Магнит,https://www.magnit.com/ru/disclosure/regulatory-news/,https://storage.zds.zebra-group.ru/data/3/1/587d36d2c76bef5801316319aa387551.pdf,"u0420\u0430\u0441\u043a\u0440\u044b\u0442\u0438\u0435 \u0435\u0436\u0435\u043a\u0432\u0430\u0440\u0442\u0430\u043b\u044c\u043d\u043e\u0433\u043e \u043e\u0442\u0447\u0435\u0442\u0430 \u044d\u043c\u0438\u0442\u0435\u043d\u0442\u0430 \u0446\u0435\u043d\u043d\u044b\u0445 \u0431\u0443\u043c\u0430\u0433"",""link"":""/ru/disclosure/regulatory-news/8ee61387f17388ff5c4eccbbed64244a/"",""pdf"":""https://storage.zds.zebra-group.ru/data/3/1/7176b52557170b74c37f25c7ff4450fe.pdf""},{""date"":1202895840,""name"":""\u041f\u0440\u0435\u0441\u0441-\u0440\u0435\u043b\u0438\u0437 \u043e \u0440\u0435\u0448\u0435\u043d\u0438\u044f\u0445, \u043f\u0440\u0438\u043d\u044f\u0442\u044b\u0445 \u043e\u0440\u0433\u0430\u043d\u0430\u043c\u0438 \u0443\u043f\u0440\u0430\u0432\u043b\u0435\u043d\u0438\u044f \u044d\u043c\u0438\u0442\u0435\u043d\u0442\u0430"",""link"":""/ru/disclosure/regulatory-news/f4894a1047ed906e7d1f16f823b14826/"",""pdf"":""https://storage.zds.zebra-group.ru/data/3/1/587d36d2c76bef5801316319aa387551.pdf""},{""date"":1202199420,""name"":""\u0420\u0435\u0448\u0435\u043d\u0438\u0435 \u043e\u0431\u0449\u0435\u0433\u043e \u0441\u043e\u0431\u0440\u0430\u043d\u0438\u044f"",""link"":""/ru/disclosure/regulatory-news/c3235ce14867846068e94964d29283a4/"",""pdf"":""https://storage.zds.zebra-group.ru/data/3/1/5e39a6880bc9d3a",2,9
MGNT,ПАО Магнит,https://www.magnit.com/ru/disclosure/regulatory-news/,https://storage.zds.zebra-group.ru/data/3/1/5e39a6880bc9d3ab4adc792fcb779d10.pdf,"e/regulatory-news/8ee61387f17388ff5c4eccbbed64244a/"",""pdf"":""https://storage.zds.zebra-group.ru/data/3/1/7176b52557170b74c37f25c7ff4450fe.pdf""},{""date"":1202895840,""name"":""\u041f\u0440\u0435\u0441\u0441-\u0440\u0435\u043b\u0438\u0437 \u043e \u0440\u0435\u0448\u0435\u043d\u0438\u044f\u0445, \u043f\u0440\u0438\u043d\u044f\u0442\u044b\u0445 \u043e\u0440\u0433\u0430\u043d\u0430\u043c\u0438 \u0443\u043f\u0440\u0430\u0432\u043b\u0435\u043d\u0438\u044f \u044d\u043c\u0438\u0442\u0435\u043d\u0442\u0430"",""link"":""/ru/disclosure/regulatory-news/f4894a1047ed906e7d1f16f823b14826/"",""pdf"":""https://storage.zds.zebra-group.ru/data/3/1/587d36d2c76bef5801316319aa387551.pdf""},{""date"":1202199420,""name"":""\u0420\u0435\u0448\u0435\u043d\u0438\u0435 \u043e\u0431\u0449\u0435\u0433\u043e \u0441\u043e\u0431\u0440\u0430\u043d\u0438\u044f"",""link"":""/ru/disclosure/regulatory-news/c3235ce14867846068e94964d29283a4/"",""pdf"":""https://storage.zds.zebra-group.ru/data/3/1/5e39a6880bc9d3ab4adc792fcb779d10.pdf""},{""date"":1201599480,""name"":""\u041f\u0440\u0435\u0441\u0441-\u0440\u0435\u043b\u0438\u0437 \u043e \u0440\u0435\u0448\u0435\u043d\u0438\u044f\u0445, \u043f\u0440\u0438\u043d\u044f\u0442\u044b\u0445 \u043e\u0440\u0433\u0430\u043d\u0430\u043c\u0438 \u0443\u043f\u0440\u0430\u0432\u043b\u0435\u043d\u043",2,9
MGNT,ПАО Магнит,https://www.magnit.com/ru/disclosure/regulatory-news/,https://storage.zds.zebra-group.ru/data/3/1/ec946d18092b6310ced151c8a1547f41.pdf,"e/regulatory-news/f4894a1047ed906e7d1f16f823b14826/"",""pdf"":""https://storage.zds.zebra-group.ru/data/3/1/587d36d2c76bef5801316319aa387551.pdf""},{""date"":1202199420,""name"":""\u0420\u0435\u0448\u0435\u043d\u0438\u0435 \u043e\u0431\u0449\u0435\u0433\u043e \u0441\u043e\u0431\u0440\u0430\u043d\u0438\u044f"",""link"":""/ru/disclosure/regulatory-news/c3235ce14867846068e94964d29283a4/"",""pdf"":""https://storage.zds.zebra-group.ru/data/3/1/5e39a6880bc9d3ab4adc792fcb779d10.pdf""},{""date"":1201599480,""name"":""\u041f\u0440\u0435\u0441\u0441-\u0440\u0435\u043b\u0438\u0437 \u043e \u0440\u0435\u0448\u0435\u043d\u0438\u044f\u0445, \u043f\u0440\u0438\u043d\u044f\u0442\u044b\u0445 \u043e\u0440\u0433\u0430\u043d\u0430\u043c\u0438 \u0443\u043f\u0440\u0430\u0432\u043b\u0435\u043d\u0438\u044f \u044d\u043c\u0438\u0442\u0435\u043d\u0442\u0430"",""link"":""/ru/disclosure/regulatory-news/eadfd65a32559c63b91d60d82dc94324/"",""pdf"":""https://storage.zds.zebra-group.ru/data/3/1/ec946d18092b6310ced151c8a1547f41.pdf""}],""2007"":[{""date"":1198777500,""name"":""\u0417\u0430\u043a\u043b\u044e\u0447\u0435\u043d\u0438\u0435 \u044d\u043c\u0438\u0442\u0435\u043d\u0442\u043e\u043c \u0434\u043e\u0433\u043e\u0432\u043e\u0440\u0430 \u0441 \u0444\u043e\u043d\u0434\u043e\u0432\u043e\u0439 \u0431\u0438\u0440\u0436\u0435\u0439 \u0",2,9
MGNT,ПАО Магнит,https://www.magnit.com/ru/disclosure/regulatory-news/,https://storage.zds.zebra-group.ru/data/3/1/629f9cf5571c9ddf9a67d6b7cdeb1efe.pdf,"c\u0430\u0433"",""link"":""/ru/disclosure/regulatory-news/d07540b8134ce3c7f26a7fef32b34463/"",""pdf"":""https://storage.zds.zebra-group.ru/data/3/1/54d671526df57bae24726e93b9d906a3.pdf""},{""date"":1142496180,""name"":""\u0412\u044b\u043f\u0443\u0441\u043a \u0446\u0435\u043d\u043d\u044b\u0445 \u0431\u0443\u043c\u0430\u0433"",""link"":""/ru/disclosure/regulatory-news/cda875995aa5c6c042ff699ff5ae0107/"",""pdf"":""https://storage.zds.zebra-group.ru/data/3/1/cbc5a544b49c4bdb5443f666a906f95e.pdf""},{""date"":1141671900,""name"":""\u0420\u0435\u0433\u0438\u0441\u0442\u0440\u0430\u0446\u0438\u044f \u041f\u0440\u043e\u0441\u043f\u0435\u043a\u0442\u0430 \u0446\u0435\u043d\u043d\u044b\u0445 \u0431\u0443\u043c\u0430\u0433 \u0438 \u043f\u043e\u0440\u044f\u0434\u043e\u043a \u0434\u043e\u0441\u0442\u0443\u043f\u0430 \u043a \u043d\u0435\u043c\u0443"",""link"":""/ru/disclosure/regulatory-news/d681ea5191b9059c6be9dbb108d550ad/"",""pdf"":""https://storage.zds.zebra-group.ru/data/3/1/629f9cf5571c9ddf9a67d6b7cdeb1efe.pdf""}]}}}}; if (!('reports-and-results-mainpage' in App.components)) { App.components[""reports-and-results-mainpage""] = {} } if (!('potencial' in App.components)) { App.components[""potencial""] = { title: 'Мы&nbsp;предлагаем доступ на&nb",2,7
